date,close,volume,source
2019-01-02,74.36,20023.39,stock_zh_a_hist_tx
2019-01-03,73.27,18944.75,stock_zh_a_hist_tx
2019-01-04,75.56,22634.25,stock_zh_a_hist_tx
2019-01-07,77.05,15874.58,stock_zh_a_hist_tx
2019-01-08,77.06,12149.3,stock_zh_a_hist_tx
2019-01-09,78.73,21348.43,stock_zh_a_hist_tx
2019-01-10,77.86,14047.9,stock_zh_a_hist_tx
2019-01-11,78.33,10029.82,stock_zh_a_hist_tx
2019-01-14,74.27,25135.76,stock_zh_a_hist_tx
2019-01-15,80.81,33997.57,stock_zh_a_hist_tx
2019-01-16,81.78,23473.43,stock_zh_a_hist_tx
2019-01-17,82.21,16365.12,stock_zh_a_hist_tx
2019-01-18,85.99,22084.05,stock_zh_a_hist_tx
2019-01-21,85.06,19963.41,stock_zh_a_hist_tx
2019-01-22,83.07,11992.38,stock_zh_a_hist_tx
2019-01-23,83.56,8896.54,stock_zh_a_hist_tx
2019-01-24,83.91,14416.48,stock_zh_a_hist_tx
2019-01-25,84.31,11783.07,stock_zh_a_hist_tx
2019-01-28,82.81,14324.67,stock_zh_a_hist_tx
2019-01-29,82.75,13645.37,stock_zh_a_hist_tx
2019-01-30,81.4,9965.45,stock_zh_a_hist_tx
2019-01-31,82.25,10897.09,stock_zh_a_hist_tx
2019-02-01,86.66,20914.68,stock_zh_a_hist_tx
2019-02-11,90.43,21661.94,stock_zh_a_hist_tx
2019-02-12,92.74,17734.23,stock_zh_a_hist_tx
2019-02-13,95.31,20589.3,stock_zh_a_hist_tx
2019-02-14,94.38,13488.13,stock_zh_a_hist_tx
2019-02-15,92.73,15299.91,stock_zh_a_hist_tx
2019-02-18,97.56,17530.41,stock_zh_a_hist_tx
2019-02-19,94.16,19876.15,stock_zh_a_hist_tx
2019-02-20,93.68,17986.69,stock_zh_a_hist_tx
2019-02-21,92.06,18873.91,stock_zh_a_hist_tx
2019-02-22,102.34,38328.48,stock_zh_a_hist_tx
2019-03-07,113.64,4043.78,stock_zh_a_hist_tx
2019-03-08,126.08,3639.73,stock_zh_a_hist_tx
2019-03-11,132.04,118571.48,stock_zh_a_hist_tx
2019-03-12,128.81,43930.92,stock_zh_a_hist_tx
2019-03-13,125.27,38462.65,stock_zh_a_hist_tx
2019-03-14,129.31,35930.79,stock_zh_a_hist_tx
2019-03-15,133.81,29874.44,stock_zh_a_hist_tx
2019-03-18,140.31,43452.23,stock_zh_a_hist_tx
2019-03-19,136.31,24156.15,stock_zh_a_hist_tx
2019-03-20,133.69,20702.38,stock_zh_a_hist_tx
2019-03-21,136.91,22137.23,stock_zh_a_hist_tx
2019-03-22,136.96,15409.88,stock_zh_a_hist_tx
2019-03-25,134.96,18914.96,stock_zh_a_hist_tx
2019-03-26,131.76,15845.25,stock_zh_a_hist_tx
2019-03-27,142.57,42285.8,stock_zh_a_hist_tx
2019-03-28,142.81,21762.46,stock_zh_a_hist_tx
2019-03-29,147.81,26455.04,stock_zh_a_hist_tx
2019-04-01,150.86,26459.21,stock_zh_a_hist_tx
2019-04-02,144.87,26499.14,stock_zh_a_hist_tx
2019-04-03,143.96,19778.74,stock_zh_a_hist_tx
2019-04-04,143.56,16132.42,stock_zh_a_hist_tx
2019-04-08,143.25,20573.79,stock_zh_a_hist_tx
2019-04-09,142.31,14395.19,stock_zh_a_hist_tx
2019-04-10,146.06,22835.92,stock_zh_a_hist_tx
2019-04-11,140.79,17119.19,stock_zh_a_hist_tx
2019-04-12,138.07,16396.99,stock_zh_a_hist_tx
2019-04-15,139.17,20861.11,stock_zh_a_hist_tx
2019-04-16,141.0,18827.05,stock_zh_a_hist_tx
2019-04-17,139.21,12418.11,stock_zh_a_hist_tx
2019-04-18,144.07,18628.61,stock_zh_a_hist_tx
2019-04-19,144.94,18986.08,stock_zh_a_hist_tx
2019-04-22,139.21,20251.4,stock_zh_a_hist_tx
2019-04-23,139.24,10401.65,stock_zh_a_hist_tx
2019-04-24,141.31,13304.95,stock_zh_a_hist_tx
2019-04-25,140.31,10666.29,stock_zh_a_hist_tx
2019-04-26,140.91,11095.87,stock_zh_a_hist_tx
2019-04-29,144.37,20562.49,stock_zh_a_hist_tx
2019-04-30,141.32,15652.52,stock_zh_a_hist_tx
2019-05-06,134.56,19833.13,stock_zh_a_hist_tx
2019-05-07,136.92,18958.97,stock_zh_a_hist_tx
2019-05-08,136.83,17422.45,stock_zh_a_hist_tx
2019-05-09,129.83,25229.39,stock_zh_a_hist_tx
2019-05-10,137.25,22243.36,stock_zh_a_hist_tx
2019-05-13,137.96,13600.45,stock_zh_a_hist_tx
2019-05-14,138.86,14058.52,stock_zh_a_hist_tx
2019-05-15,144.5,19469.45,stock_zh_a_hist_tx
2019-05-16,148.7,17116.74,stock_zh_a_hist_tx
2019-05-17,142.56,15674.16,stock_zh_a_hist_tx
2019-05-20,137.55,15619.4,stock_zh_a_hist_tx
2019-05-21,142.21,16453.33,stock_zh_a_hist_tx
2019-05-22,142.31,11595.71,stock_zh_a_hist_tx
2019-05-23,139.36,9849.95,stock_zh_a_hist_tx
2019-05-24,138.21,11976.08,stock_zh_a_hist_tx
2019-05-27,138.22,15289.99,stock_zh_a_hist_tx
2019-05-28,140.01,12786.14,stock_zh_a_hist_tx
2019-05-29,141.46,13695.48,stock_zh_a_hist_tx
2019-05-30,141.09,13877.25,stock_zh_a_hist_tx
2019-05-31,147.64,24999.79,stock_zh_a_hist_tx
2019-06-03,147.82,17199.9,stock_zh_a_hist_tx
2019-06-04,141.79,27907.2,stock_zh_a_hist_tx
2019-06-05,136.15,30793.88,stock_zh_a_hist_tx
2019-06-06,136.04,29751.76,stock_zh_a_hist_tx
2019-06-10,136.15,17857.24,stock_zh_a_hist_tx
2019-06-11,139.07,22444.99,stock_zh_a_hist_tx
2019-06-12,137.71,13846.3,stock_zh_a_hist_tx
2019-06-13,139.21,17661.28,stock_zh_a_hist_tx
2019-06-14,141.69,21878.85,stock_zh_a_hist_tx
2019-06-17,140.76,12436.45,stock_zh_a_hist_tx
2019-06-18,140.66,9807.63,stock_zh_a_hist_tx
2019-06-19,143.64,18245.2,stock_zh_a_hist_tx
2019-06-20,151.71,28103.62,stock_zh_a_hist_tx
2019-06-21,149.02,18208.56,stock_zh_a_hist_tx
2019-06-24,152.11,13831.99,stock_zh_a_hist_tx
2019-06-25,153.21,11616.19,stock_zh_a_hist_tx
2019-06-26,156.28,17466.44,stock_zh_a_hist_tx
2019-06-27,156.99,17124.8,stock_zh_a_hist_tx
2019-06-28,158.71,11559.51,stock_zh_a_hist_tx
2019-07-01,165.01,18875.1,stock_zh_a_hist_tx
2019-07-02,163.86,18303.55,stock_zh_a_hist_tx
2019-07-03,157.61,28803.25,stock_zh_a_hist_tx
2019-07-04,152.51,21552.37,stock_zh_a_hist_tx
2019-07-05,161.29,30283.44,stock_zh_a_hist_tx
2019-07-08,155.71,29940.21,stock_zh_a_hist_tx
2019-07-09,154.79,13788.65,stock_zh_a_hist_tx
2019-07-10,157.2,12950.73,stock_zh_a_hist_tx
2019-07-11,155.55,14077.25,stock_zh_a_hist_tx
2019-07-12,157.71,11595.32,stock_zh_a_hist_tx
2019-07-15,155.4,12820.27,stock_zh_a_hist_tx
2019-07-16,152.49,19731.78,stock_zh_a_hist_tx
2019-07-17,152.87,12275.27,stock_zh_a_hist_tx
2019-07-18,152.84,8182.18,stock_zh_a_hist_tx
2019-07-19,152.83,8517.74,stock_zh_a_hist_tx
2019-07-22,153.11,10560.18,stock_zh_a_hist_tx
2019-07-23,149.68,14502.26,stock_zh_a_hist_tx
2019-07-24,155.72,18205.0,stock_zh_a_hist_tx
2019-07-25,154.3,13524.11,stock_zh_a_hist_tx
2019-07-26,158.61,14640.84,stock_zh_a_hist_tx
2019-07-29,157.06,10954.84,stock_zh_a_hist_tx
2019-07-30,157.19,8413.14,stock_zh_a_hist_tx
2019-07-31,155.71,7553.5,stock_zh_a_hist_tx
2019-08-01,154.36,9697.61,stock_zh_a_hist_tx
2019-08-02,156.12,14823.62,stock_zh_a_hist_tx
2019-08-05,152.42,11571.16,stock_zh_a_hist_tx
2019-08-06,153.81,12908.18,stock_zh_a_hist_tx
2019-08-07,156.95,12732.82,stock_zh_a_hist_tx
2019-08-08,159.96,15711.49,stock_zh_a_hist_tx
2019-08-09,161.79,17055.49,stock_zh_a_hist_tx
2019-08-12,161.75,15122.08,stock_zh_a_hist_tx
2019-08-13,155.22,42178.36,stock_zh_a_hist_tx
2019-08-14,159.21,25784.91,stock_zh_a_hist_tx
2019-08-15,156.44,18050.22,stock_zh_a_hist_tx
2019-08-16,156.52,20075.46,stock_zh_a_hist_tx
2019-08-19,156.46,28618.36,stock_zh_a_hist_tx
2019-08-20,152.28,38301.68,stock_zh_a_hist_tx
2019-08-21,153.22,19154.49,stock_zh_a_hist_tx
2019-08-22,153.05,14110.75,stock_zh_a_hist_tx
2019-08-23,162.86,39639.89,stock_zh_a_hist_tx
2019-08-26,167.27,33758.03,stock_zh_a_hist_tx
2019-08-27,166.21,15632.73,stock_zh_a_hist_tx
2019-08-28,164.71,15326.99,stock_zh_a_hist_tx
2019-08-29,165.71,13875.51,stock_zh_a_hist_tx
2019-08-30,165.54,16244.8,stock_zh_a_hist_tx
2019-09-02,165.71,16615.73,stock_zh_a_hist_tx
2019-09-03,165.09,14563.7,stock_zh_a_hist_tx
2019-09-04,164.65,15370.1,stock_zh_a_hist_tx
2019-09-05,165.71,19678.57,stock_zh_a_hist_tx
2019-09-06,169.51,18442.4,stock_zh_a_hist_tx
2019-09-09,173.72,24008.09,stock_zh_a_hist_tx
2019-09-11,168.36,24465.36,stock_zh_a_hist_tx
2019-09-12,172.45,16021.0,stock_zh_a_hist_tx
2019-09-16,174.72,12261.95,stock_zh_a_hist_tx
2019-09-17,176.71,13568.57,stock_zh_a_hist_tx
2019-09-18,181.21,16640.3,stock_zh_a_hist_tx
2019-09-19,180.87,12576.6,stock_zh_a_hist_tx
2019-09-20,181.82,9849.86,stock_zh_a_hist_tx
2019-09-23,180.96,8568.47,stock_zh_a_hist_tx
2019-09-24,188.81,15676.79,stock_zh_a_hist_tx
2019-09-25,186.96,9531.41,stock_zh_a_hist_tx
2019-09-26,187.55,15975.23,stock_zh_a_hist_tx
2019-09-27,190.63,13520.5,stock_zh_a_hist_tx
2019-09-30,186.89,13036.8,stock_zh_a_hist_tx
2019-10-08,186.64,11936.17,stock_zh_a_hist_tx
2019-10-09,183.71,16341.41,stock_zh_a_hist_tx
2019-10-10,189.22,19562.95,stock_zh_a_hist_tx
2019-10-11,190.25,12472.99,stock_zh_a_hist_tx
2019-10-14,187.24,17640.6,stock_zh_a_hist_tx
2019-10-15,187.21,12514.75,stock_zh_a_hist_tx
2019-10-16,195.86,25328.29,stock_zh_a_hist_tx
2019-10-17,195.91,10979.05,stock_zh_a_hist_tx
2019-10-18,197.22,15280.42,stock_zh_a_hist_tx
2019-10-21,193.49,16662.84,stock_zh_a_hist_tx
2019-10-22,198.21,14153.13,stock_zh_a_hist_tx
2019-10-23,193.35,15136.37,stock_zh_a_hist_tx
2019-10-24,199.2,32775.98,stock_zh_a_hist_tx
2019-10-25,200.8,16806.9,stock_zh_a_hist_tx
2019-10-28,207.8,22081.38,stock_zh_a_hist_tx
2019-10-29,214.02,18591.24,stock_zh_a_hist_tx
2019-10-30,212.96,14171.26,stock_zh_a_hist_tx
2019-10-31,217.32,15749.64,stock_zh_a_hist_tx
2019-11-01,227.61,20879.22,stock_zh_a_hist_tx
2019-11-04,227.09,17343.03,stock_zh_a_hist_tx
2019-11-05,228.36,15540.25,stock_zh_a_hist_tx
2019-11-06,228.01,13248.51,stock_zh_a_hist_tx
2019-11-07,229.01,13942.95,stock_zh_a_hist_tx
2019-11-08,227.92,12972.77,stock_zh_a_hist_tx
2019-11-11,221.78,21827.83,stock_zh_a_hist_tx
2019-11-12,225.67,18150.67,stock_zh_a_hist_tx
2019-11-13,236.71,25603.97,stock_zh_a_hist_tx
2019-11-14,236.73,16749.79,stock_zh_a_hist_tx
2019-11-15,232.66,15685.61,stock_zh_a_hist_tx
2019-11-18,228.71,27086.8,stock_zh_a_hist_tx
2019-11-19,231.68,21869.78,stock_zh_a_hist_tx
2019-11-20,233.16,14992.05,stock_zh_a_hist_tx
2019-11-21,228.69,17230.74,stock_zh_a_hist_tx
2019-11-22,216.65,43406.16,stock_zh_a_hist_tx
2019-11-25,218.21,41893.13,stock_zh_a_hist_tx
2019-11-26,221.14,26972.61,stock_zh_a_hist_tx
2019-11-27,218.21,20549.09,stock_zh_a_hist_tx
2019-11-28,221.58,15258.47,stock_zh_a_hist_tx
2019-11-29,209.21,37011.48,stock_zh_a_hist_tx
2019-12-02,204.61,45168.15,stock_zh_a_hist_tx
2019-12-03,200.16,40329.66,stock_zh_a_hist_tx
2019-12-04,207.3,30774.83,stock_zh_a_hist_tx
2019-12-05,212.16,22513.64,stock_zh_a_hist_tx
2019-12-06,212.71,16973.57,stock_zh_a_hist_tx
2019-12-09,204.2,32513.24,stock_zh_a_hist_tx
2019-12-10,208.71,22942.99,stock_zh_a_hist_tx
2019-12-11,209.76,12370.92,stock_zh_a_hist_tx
2019-12-12,206.55,18236.35,stock_zh_a_hist_tx
2019-12-13,212.21,22558.76,stock_zh_a_hist_tx
2019-12-16,216.95,28218.14,stock_zh_a_hist_tx
2019-12-17,212.2,30589.31,stock_zh_a_hist_tx
2019-12-18,206.65,25813.83,stock_zh_a_hist_tx
2019-12-19,206.66,16965.09,stock_zh_a_hist_tx
2019-12-20,201.95,17880.03,stock_zh_a_hist_tx
2019-12-23,201.64,16290.71,stock_zh_a_hist_tx
2019-12-24,200.68,16603.42,stock_zh_a_hist_tx
2019-12-25,202.49,14913.24,stock_zh_a_hist_tx
2019-12-26,203.06,12038.94,stock_zh_a_hist_tx
2019-12-27,207.21,30630.41,stock_zh_a_hist_tx
2019-12-30,207.66,18461.83,stock_zh_a_hist_tx
2019-12-31,213.21,25625.68,stock_zh_a_hist_tx
2020-01-02,210.91,21594.54,stock_zh_a_hist_tx
2020-01-03,225.71,46109.05,stock_zh_a_hist_tx
2020-01-06,227.53,35342.07,stock_zh_a_hist_tx
2020-01-07,234.6,21624.43,stock_zh_a_hist_tx
2020-01-08,233.89,13725.58,stock_zh_a_hist_tx
2020-01-09,233.91,17482.84,stock_zh_a_hist_tx
2020-01-10,237.71,22427.14,stock_zh_a_hist_tx
2020-01-13,236.64,17452.81,stock_zh_a_hist_tx
2020-01-14,223.86,38968.22,stock_zh_a_hist_tx
2020-01-15,233.06,22861.18,stock_zh_a_hist_tx
2020-01-16,233.97,15518.85,stock_zh_a_hist_tx
2020-01-17,236.21,21180.64,stock_zh_a_hist_tx
2020-01-20,246.27,19880.65,stock_zh_a_hist_tx
2020-01-21,245.56,19049.55,stock_zh_a_hist_tx
2020-01-22,248.21,17918.5,stock_zh_a_hist_tx
2020-01-23,238.71,23078.24,stock_zh_a_hist_tx
2020-02-03,213.81,41863.84,stock_zh_a_hist_tx
2020-02-04,225.21,34301.83,stock_zh_a_hist_tx
2020-02-05,222.99,38241.57,stock_zh_a_hist_tx
2020-02-06,228.71,36207.28,stock_zh_a_hist_tx
2020-02-07,225.97,25850.48,stock_zh_a_hist_tx
2020-02-10,223.34,25467.71,stock_zh_a_hist_tx
2020-02-11,231.63,29181.21,stock_zh_a_hist_tx
2020-02-12,231.46,22347.69,stock_zh_a_hist_tx
2020-02-13,224.36,29411.01,stock_zh_a_hist_tx
2020-02-14,220.94,31891.5,stock_zh_a_hist_tx
2020-02-17,221.43,38905.77,stock_zh_a_hist_tx
2020-02-18,222.39,32201.55,stock_zh_a_hist_tx
2020-02-19,225.8,36722.94,stock_zh_a_hist_tx
2020-02-20,235.02,42145.26,stock_zh_a_hist_tx
2020-02-21,234.21,26804.23,stock_zh_a_hist_tx
2020-02-24,226.0,38064.78,stock_zh_a_hist_tx
2020-02-25,226.0,30240.18,stock_zh_a_hist_tx
2020-02-26,225.71,26567.42,stock_zh_a_hist_tx
2020-02-27,231.86,31018.75,stock_zh_a_hist_tx
2020-02-28,231.71,45570.48,stock_zh_a_hist_tx
2020-03-02,232.71,36175.99,stock_zh_a_hist_tx
2020-03-03,246.81,42874.45,stock_zh_a_hist_tx
2020-03-04,246.17,21651.0,stock_zh_a_hist_tx
2020-03-05,255.76,33417.8,stock_zh_a_hist_tx
2020-03-06,253.71,21866.83,stock_zh_a_hist_tx
2020-03-09,245.26,28359.72,stock_zh_a_hist_tx
2020-03-10,246.89,23985.63,stock_zh_a_hist_tx
2020-03-11,246.71,16484.96,stock_zh_a_hist_tx
2020-03-12,233.21,30460.06,stock_zh_a_hist_tx
2020-03-13,231.67,25368.07,stock_zh_a_hist_tx
2020-03-16,216.21,27410.76,stock_zh_a_hist_tx
2020-03-17,219.82,34046.26,stock_zh_a_hist_tx
2020-03-18,218.21,26709.78,stock_zh_a_hist_tx
2020-03-19,213.37,36142.35,stock_zh_a_hist_tx
2020-03-20,221.21,25961.13,stock_zh_a_hist_tx
2020-03-23,219.77,19528.51,stock_zh_a_hist_tx
2020-03-24,229.21,24310.78,stock_zh_a_hist_tx
2020-03-25,241.16,27748.18,stock_zh_a_hist_tx
2020-03-26,246.16,22102.04,stock_zh_a_hist_tx
2020-03-27,255.2,44814.54,stock_zh_a_hist_tx
2020-03-30,255.54,24550.71,stock_zh_a_hist_tx
2020-03-31,263.71,21932.6,stock_zh_a_hist_tx
2020-04-01,254.76,21915.2,stock_zh_a_hist_tx
2020-04-02,257.13,19020.57,stock_zh_a_hist_tx
2020-04-03,258.1,16723.01,stock_zh_a_hist_tx
2020-04-07,267.19,21510.34,stock_zh_a_hist_tx
2020-04-08,264.34,13511.41,stock_zh_a_hist_tx
2020-04-09,269.86,24531.94,stock_zh_a_hist_tx
2020-04-10,265.39,19086.93,stock_zh_a_hist_tx
2020-04-13,270.41,13284.01,stock_zh_a_hist_tx
2020-04-14,274.21,18859.78,stock_zh_a_hist_tx
2020-04-15,269.58,15827.98,stock_zh_a_hist_tx
2020-04-16,271.19,11799.57,stock_zh_a_hist_tx
2020-04-17,267.26,14785.75,stock_zh_a_hist_tx
2020-04-20,264.3,19208.16,stock_zh_a_hist_tx
2020-04-21,262.71,18451.39,stock_zh_a_hist_tx
2020-04-22,284.01,40942.46,stock_zh_a_hist_tx
2020-04-23,282.19,19669.24,stock_zh_a_hist_tx
2020-04-24,277.21,16089.04,stock_zh_a_hist_tx
2020-04-27,288.82,25185.94,stock_zh_a_hist_tx
2020-04-28,290.56,19083.39,stock_zh_a_hist_tx
2020-04-29,286.53,12806.36,stock_zh_a_hist_tx
2020-04-30,287.65,21477.6,stock_zh_a_hist_tx
2020-05-06,295.56,25846.36,stock_zh_a_hist_tx
2020-05-07,295.11,15069.94,stock_zh_a_hist_tx
2020-05-08,295.51,14846.13,stock_zh_a_hist_tx
2020-05-11,294.71,17005.17,stock_zh_a_hist_tx
2020-05-12,303.21,20693.42,stock_zh_a_hist_tx
2020-05-13,310.21,16921.12,stock_zh_a_hist_tx
2020-05-14,311.21,11685.45,stock_zh_a_hist_tx
2020-05-15,310.46,16028.32,stock_zh_a_hist_tx
2020-05-18,320.71,21559.93,stock_zh_a_hist_tx
2020-05-19,322.16,14629.74,stock_zh_a_hist_tx
2020-05-20,314.81,19995.18,stock_zh_a_hist_tx
2020-05-21,320.62,14629.27,stock_zh_a_hist_tx
2020-05-22,314.86,19857.42,stock_zh_a_hist_tx
2020-05-25,315.71,14716.9,stock_zh_a_hist_tx
2020-05-26,325.26,19444.96,stock_zh_a_hist_tx
2020-05-27,316.95,15723.52,stock_zh_a_hist_tx
2020-05-28,314.68,18463.05,stock_zh_a_hist_tx
2020-05-29,322.71,15071.2,stock_zh_a_hist_tx
2020-06-01,325.17,17002.97,stock_zh_a_hist_tx
2020-06-02,320.71,12831.91,stock_zh_a_hist_tx
2020-06-03,319.32,22305.88,stock_zh_a_hist_tx
2020-06-04,322.21,15753.33,stock_zh_a_hist_tx
2020-06-05,329.91,18648.48,stock_zh_a_hist_tx
2020-06-08,322.94,21681.6,stock_zh_a_hist_tx
2020-06-09,325.01,38466.56,stock_zh_a_hist_tx
2020-06-10,345.19,68767.58,stock_zh_a_hist_tx
2020-06-11,346.73,41870.47,stock_zh_a_hist_tx
2020-06-12,342.15,43305.74,stock_zh_a_hist_tx
2020-06-15,344.39,37124.64,stock_zh_a_hist_tx
2020-06-16,352.82,40068.11,stock_zh_a_hist_tx
2020-06-17,366.11,56253.69,stock_zh_a_hist_tx
2020-06-18,366.31,40011.65,stock_zh_a_hist_tx
2020-06-19,378.41,51246.16,stock_zh_a_hist_tx
2020-06-22,390.19,57030.18,stock_zh_a_hist_tx
2020-06-23,414.09,67633.97,stock_zh_a_hist_tx
2020-06-24,407.81,74702.97,stock_zh_a_hist_tx
2020-06-29,414.21,56476.01,stock_zh_a_hist_tx
2020-06-30,425.51,51212.12,stock_zh_a_hist_tx
2020-07-01,418.09,78956.36,stock_zh_a_hist_tx
2020-07-02,400.3,114746.64,stock_zh_a_hist_tx
2020-07-03,400.16,74899.23,stock_zh_a_hist_tx
2020-07-06,397.42,86925.02,stock_zh_a_hist_tx
2020-07-07,438.14,143092.92,stock_zh_a_hist_tx
2020-07-08,433.71,84311.31,stock_zh_a_hist_tx
2020-07-09,444.79,77048.58,stock_zh_a_hist_tx
2020-07-10,445.21,63643.19,stock_zh_a_hist_tx
2020-07-13,463.52,68385.77,stock_zh_a_hist_tx
2020-07-14,477.27,70969.5,stock_zh_a_hist_tx
2020-07-15,490.76,79911.65,stock_zh_a_hist_tx
2020-07-16,460.71,106866.18,stock_zh_a_hist_tx
2020-07-17,477.36,73547.35,stock_zh_a_hist_tx
2020-07-20,465.34,73720.0,stock_zh_a_hist_tx
2020-07-21,469.47,53475.0,stock_zh_a_hist_tx
2020-07-22,477.96,56191.0,stock_zh_a_hist_tx
2020-07-23,470.11,75880.77,stock_zh_a_hist_tx
2020-07-24,437.43,100032.78,stock_zh_a_hist_tx
2020-07-27,444.49,51601.84,stock_zh_a_hist_tx
2020-07-28,450.81,52086.95,stock_zh_a_hist_tx
2020-07-29,493.43,121723.55,stock_zh_a_hist_tx
2020-07-30,488.16,81140.14,stock_zh_a_hist_tx
2020-07-31,487.21,62909.92,stock_zh_a_hist_tx
2020-08-03,486.23,64482.56,stock_zh_a_hist_tx
2020-08-04,490.27,66106.05,stock_zh_a_hist_tx
2020-08-05,489.2,49108.03,stock_zh_a_hist_tx
2020-08-06,481.75,48319.45,stock_zh_a_hist_tx
2020-08-07,474.4,56717.11,stock_zh_a_hist_tx
2020-08-10,478.71,48804.99,stock_zh_a_hist_tx
2020-08-11,476.88,38163.94,stock_zh_a_hist_tx
2020-08-12,466.1,52932.23,stock_zh_a_hist_tx
2020-08-13,440.76,80744.33,stock_zh_a_hist_tx
2020-08-14,442.72,68968.36,stock_zh_a_hist_tx
2020-08-17,447.19,42569.67,stock_zh_a_hist_tx
2020-08-18,457.61,41183.46,stock_zh_a_hist_tx
2020-08-19,438.91,46248.94,stock_zh_a_hist_tx
2020-08-20,439.22,40557.05,stock_zh_a_hist_tx
2020-08-21,436.22,42002.24,stock_zh_a_hist_tx
2020-08-24,431.21,48133.46,stock_zh_a_hist_tx
2020-08-25,438.0,47531.53,stock_zh_a_hist_tx
2020-08-26,442.21,56897.5,stock_zh_a_hist_tx
2020-08-27,444.12,36764.54,stock_zh_a_hist_tx
2020-08-28,453.15,50420.8,stock_zh_a_hist_tx
2020-08-31,457.81,58322.64,stock_zh_a_hist_tx
2020-09-01,458.7,44984.16,stock_zh_a_hist_tx
2020-09-02,447.71,48871.7,stock_zh_a_hist_tx
2020-09-03,441.21,50845.35,stock_zh_a_hist_tx
2020-09-04,424.21,67302.27,stock_zh_a_hist_tx
2020-09-07,396.21,95784.65,stock_zh_a_hist_tx
2020-09-08,412.86,58287.28,stock_zh_a_hist_tx
2020-09-09,401.41,36529.79,stock_zh_a_hist_tx
2020-09-10,401.91,36004.76,stock_zh_a_hist_tx
2020-09-11,403.12,33169.44,stock_zh_a_hist_tx
2020-09-14,361.83,150609.42,stock_zh_a_hist_tx
2020-09-15,373.57,140604.13,stock_zh_a_hist_tx
2020-09-16,351.66,152029.07,stock_zh_a_hist_tx
2020-09-17,353.21,61196.95,stock_zh_a_hist_tx
2020-09-18,352.11,81192.21,stock_zh_a_hist_tx
2020-09-21,356.02,67833.41,stock_zh_a_hist_tx
2020-09-22,359.19,46063.7,stock_zh_a_hist_tx
2020-09-23,368.91,81464.34,stock_zh_a_hist_tx
2020-09-24,359.71,41426.12,stock_zh_a_hist_tx
2020-09-25,355.91,31720.32,stock_zh_a_hist_tx
2020-09-28,356.41,41099.19,stock_zh_a_hist_tx
2020-09-29,361.4,34217.18,stock_zh_a_hist_tx
2020-09-30,359.85,49738.42,stock_zh_a_hist_tx
2020-10-09,362.21,52771.58,stock_zh_a_hist_tx
2020-10-12,374.61,70345.44,stock_zh_a_hist_tx
2020-10-13,388.21,69132.78,stock_zh_a_hist_tx
2020-10-14,377.21,48183.31,stock_zh_a_hist_tx
2020-10-15,375.18,32311.83,stock_zh_a_hist_tx
2020-10-16,368.79,36676.89,stock_zh_a_hist_tx
2020-10-19,359.21,31672.72,stock_zh_a_hist_tx
2020-10-20,362.21,25656.45,stock_zh_a_hist_tx
2020-10-21,361.21,31523.8,stock_zh_a_hist_tx
2020-10-22,352.21,40629.42,stock_zh_a_hist_tx
2020-10-23,320.2,113061.25,stock_zh_a_hist_tx
2020-10-26,336.73,80180.76,stock_zh_a_hist_tx
2020-10-27,371.38,108955.96,stock_zh_a_hist_tx
2020-10-28,367.73,56103.03,stock_zh_a_hist_tx
2020-10-29,369.0,46644.65,stock_zh_a_hist_tx
2020-10-30,364.73,52340.16,stock_zh_a_hist_tx
2020-11-02,354.81,61842.17,stock_zh_a_hist_tx
2020-11-03,366.21,42830.01,stock_zh_a_hist_tx
2020-11-04,366.99,45352.19,stock_zh_a_hist_tx
2020-11-05,358.21,76905.0,stock_zh_a_hist_tx
2020-11-06,338.51,107185.53,stock_zh_a_hist_tx
2020-11-09,344.47,68804.34,stock_zh_a_hist_tx
2020-11-10,337.21,53121.25,stock_zh_a_hist_tx
2020-11-11,333.33,51870.32,stock_zh_a_hist_tx
2020-11-12,340.32,38815.5,stock_zh_a_hist_tx
2020-11-13,344.25,38964.24,stock_zh_a_hist_tx
2020-11-16,347.01,45790.4,stock_zh_a_hist_tx
2020-11-17,341.05,34003.55,stock_zh_a_hist_tx
2020-11-18,337.41,33675.14,stock_zh_a_hist_tx
2020-11-19,346.21,47727.73,stock_zh_a_hist_tx
2020-11-20,347.6,33239.69,stock_zh_a_hist_tx
2020-11-23,345.8,30094.55,stock_zh_a_hist_tx
2020-11-24,340.41,24869.17,stock_zh_a_hist_tx
2020-11-25,333.21,30674.54,stock_zh_a_hist_tx
2020-11-26,327.6,29342.96,stock_zh_a_hist_tx
2020-11-27,339.73,47016.96,stock_zh_a_hist_tx
2020-11-30,356.76,78457.22,stock_zh_a_hist_tx
2020-12-01,371.83,82894.93,stock_zh_a_hist_tx
2020-12-02,368.01,41534.39,stock_zh_a_hist_tx
2020-12-03,377.2,51179.74,stock_zh_a_hist_tx
2020-12-04,380.61,37280.08,stock_zh_a_hist_tx
2020-12-07,377.49,41243.59,stock_zh_a_hist_tx
2020-12-08,378.21,27348.23,stock_zh_a_hist_tx
2020-12-09,370.76,32064.57,stock_zh_a_hist_tx
2020-12-10,368.21,38312.61,stock_zh_a_hist_tx
2020-12-11,364.46,37208.35,stock_zh_a_hist_tx
2020-12-14,368.21,35595.8,stock_zh_a_hist_tx
2020-12-15,385.87,62070.68,stock_zh_a_hist_tx
2020-12-16,394.46,50333.34,stock_zh_a_hist_tx
2020-12-17,429.63,134628.21,stock_zh_a_hist_tx
2020-12-18,438.63,60912.51,stock_zh_a_hist_tx
2020-12-21,435.31,40497.32,stock_zh_a_hist_tx
2020-12-22,431.11,52234.53,stock_zh_a_hist_tx
2020-12-23,423.65,52978.6,stock_zh_a_hist_tx
2020-12-24,408.33,52813.78,stock_zh_a_hist_tx
2020-12-25,424.21,44153.21,stock_zh_a_hist_tx
2020-12-28,424.06,38377.87,stock_zh_a_hist_tx
2020-12-29,420.91,26074.97,stock_zh_a_hist_tx
2020-12-30,430.21,43018.94,stock_zh_a_hist_tx
2020-12-31,439.12,48564.63,stock_zh_a_hist_tx
2021-01-04,463.66,71037.45,stock_zh_a_hist_tx
2021-01-05,467.2,63987.68,stock_zh_a_hist_tx
2021-01-06,499.81,88908.25,stock_zh_a_hist_tx
2021-01-07,494.27,60903.38,stock_zh_a_hist_tx
2021-01-08,501.36,58539.27,stock_zh_a_hist_tx
2021-01-11,480.82,70042.86,stock_zh_a_hist_tx
2021-01-12,494.43,55198.65,stock_zh_a_hist_tx
2021-01-13,478.2,48145.94,stock_zh_a_hist_tx
2021-01-14,454.72,49324.72,stock_zh_a_hist_tx
2021-01-15,464.19,41547.63,stock_zh_a_hist_tx
2021-01-18,464.33,38594.81,stock_zh_a_hist_tx
2021-01-19,441.21,55931.16,stock_zh_a_hist_tx
2021-01-20,449.41,47495.36,stock_zh_a_hist_tx
2021-01-21,451.48,46470.92,stock_zh_a_hist_tx
2021-01-22,457.21,55412.66,stock_zh_a_hist_tx
2021-01-25,482.59,60731.32,stock_zh_a_hist_tx
2021-01-26,460.35,49283.53,stock_zh_a_hist_tx
2021-01-27,470.99,46072.42,stock_zh_a_hist_tx
2021-01-28,448.39,34644.96,stock_zh_a_hist_tx
2021-01-29,444.83,35539.36,stock_zh_a_hist_tx
2021-02-01,443.46,31385.44,stock_zh_a_hist_tx
2021-02-02,467.91,50149.69,stock_zh_a_hist_tx
2021-02-03,479.34,46154.5,stock_zh_a_hist_tx
2021-02-04,467.21,40187.94,stock_zh_a_hist_tx
2021-02-05,476.83,51675.28,stock_zh_a_hist_tx
2021-02-08,496.66,60253.62,stock_zh_a_hist_tx
2021-02-09,498.12,52172.41,stock_zh_a_hist_tx
2021-02-10,484.73,69529.24,stock_zh_a_hist_tx
2021-02-18,460.21,74939.12,stock_zh_a_hist_tx
2021-02-19,453.21,46045.21,stock_zh_a_hist_tx
2021-02-22,429.24,55907.05,stock_zh_a_hist_tx
2021-02-23,430.01,41082.26,stock_zh_a_hist_tx
2021-02-24,408.53,51689.69,stock_zh_a_hist_tx
2021-02-25,418.71,54906.16,stock_zh_a_hist_tx
2021-02-26,411.13,39371.55,stock_zh_a_hist_tx
2021-03-01,427.3,45843.76,stock_zh_a_hist_tx
2021-03-02,408.98,43836.46,stock_zh_a_hist_tx
2021-03-03,427.11,42126.57,stock_zh_a_hist_tx
2021-03-04,415.14,32261.63,stock_zh_a_hist_tx
2021-03-05,412.39,29311.83,stock_zh_a_hist_tx
2021-03-08,398.11,52902.11,stock_zh_a_hist_tx
2021-03-09,394.21,52075.63,stock_zh_a_hist_tx
2021-03-10,406.84,37530.9,stock_zh_a_hist_tx
2021-03-11,425.32,47208.58,stock_zh_a_hist_tx
2021-03-12,425.71,48607.51,stock_zh_a_hist_tx
2021-03-15,394.71,54134.1,stock_zh_a_hist_tx
2021-03-16,394.87,32236.16,stock_zh_a_hist_tx
2021-03-17,391.21,41074.09,stock_zh_a_hist_tx
2021-03-18,403.41,46656.75,stock_zh_a_hist_tx
2021-03-19,379.82,49655.47,stock_zh_a_hist_tx
2021-03-22,377.47,41401.71,stock_zh_a_hist_tx
2021-03-23,383.01,39936.31,stock_zh_a_hist_tx
2021-03-24,388.16,34949.71,stock_zh_a_hist_tx
2021-03-25,410.21,59404.79,stock_zh_a_hist_tx
2021-03-26,427.09,52351.2,stock_zh_a_hist_tx
2021-03-29,431.63,33174.8,stock_zh_a_hist_tx
2021-03-30,450.71,71380.33,stock_zh_a_hist_tx
2021-03-31,442.94,36324.45,stock_zh_a_hist_tx
2021-04-01,458.51,31982.47,stock_zh_a_hist_tx
2021-04-02,446.33,36846.25,stock_zh_a_hist_tx
2021-04-06,444.0,24420.28,stock_zh_a_hist_tx
2021-04-07,443.01,25797.11,stock_zh_a_hist_tx
2021-04-08,445.21,22502.09,stock_zh_a_hist_tx
2021-04-09,440.86,20517.39,stock_zh_a_hist_tx
2021-04-12,429.6,27606.35,stock_zh_a_hist_tx
2021-04-13,434.8,26490.76,stock_zh_a_hist_tx
2021-04-14,437.45,23815.5,stock_zh_a_hist_tx
2021-04-15,440.16,24527.38,stock_zh_a_hist_tx
2021-04-16,425.59,31928.2,stock_zh_a_hist_tx
2021-04-19,457.28,49365.01,stock_zh_a_hist_tx
2021-04-20,464.7,28817.92,stock_zh_a_hist_tx
2021-04-21,469.07,25480.21,stock_zh_a_hist_tx
2021-04-22,462.61,21237.08,stock_zh_a_hist_tx
2021-04-23,470.38,25134.0,stock_zh_a_hist_tx
2021-04-26,475.21,58341.61,stock_zh_a_hist_tx
2021-04-27,488.18,34906.51,stock_zh_a_hist_tx
2021-04-28,490.71,29611.94,stock_zh_a_hist_tx
2021-04-29,486.27,21862.86,stock_zh_a_hist_tx
2021-04-30,487.81,23380.29,stock_zh_a_hist_tx
2021-05-06,468.32,32280.5,stock_zh_a_hist_tx
2021-05-07,456.21,29537.66,stock_zh_a_hist_tx
2021-05-10,458.21,21769.83,stock_zh_a_hist_tx
2021-05-11,479.12,29765.2,stock_zh_a_hist_tx
2021-05-12,483.51,21210.93,stock_zh_a_hist_tx
2021-05-13,487.2,21469.87,stock_zh_a_hist_tx
2021-05-14,507.11,48326.58,stock_zh_a_hist_tx
2021-05-17,510.21,42463.2,stock_zh_a_hist_tx
2021-05-18,491.71,30157.08,stock_zh_a_hist_tx
2021-05-19,496.4,20725.57,stock_zh_a_hist_tx
2021-05-20,497.12,38376.23,stock_zh_a_hist_tx
2021-05-21,446.51,173436.0,stock_zh_a_hist_tx
2021-05-24,420.23,180871.02,stock_zh_a_hist_tx
2021-05-25,424.55,124276.54,stock_zh_a_hist_tx
2021-05-26,419.67,77088.12,stock_zh_a_hist_tx
2021-05-27,407.52,112412.64,stock_zh_a_hist_tx
2021-05-28,391.01,143991.28,stock_zh_a_hist_tx
2021-05-31,401.62,102431.36,stock_zh_a_hist_tx
2021-06-01,423.01,119563.02,stock_zh_a_hist_tx
2021-06-02,436.23,136744.41,stock_zh_a_hist_tx
2021-06-03,423.01,67672.32,stock_zh_a_hist_tx
2021-06-04,422.47,45191.88,stock_zh_a_hist_tx
2021-06-07,415.51,41372.66,stock_zh_a_hist_tx
2021-06-08,398.01,122062.15,stock_zh_a_hist_tx
2021-06-09,402.0,53546.41,stock_zh_a_hist_tx
2021-06-10,402.46,50180.71,stock_zh_a_hist_tx
2021-06-11,397.99,52917.65,stock_zh_a_hist_tx
2021-06-15,399.47,40482.22,stock_zh_a_hist_tx
2021-06-16,391.38,40053.04,stock_zh_a_hist_tx
2021-06-17,384.87,46571.35,stock_zh_a_hist_tx
2021-06-18,386.91,45940.36,stock_zh_a_hist_tx
2021-06-21,376.01,67793.25,stock_zh_a_hist_tx
2021-06-22,387.35,92144.36,stock_zh_a_hist_tx
2021-06-23,384.01,80923.21,stock_zh_a_hist_tx
2021-06-24,380.26,56071.68,stock_zh_a_hist_tx
2021-06-25,389.51,62253.29,stock_zh_a_hist_tx
2021-06-28,388.32,51709.88,stock_zh_a_hist_tx
2021-06-29,376.33,57924.88,stock_zh_a_hist_tx
2021-06-30,378.01,40851.87,stock_zh_a_hist_tx
2021-07-01,378.37,35994.15,stock_zh_a_hist_tx
2021-07-02,362.01,66805.13,stock_zh_a_hist_tx
2021-07-05,346.57,87197.36,stock_zh_a_hist_tx
2021-07-06,351.57,62710.37,stock_zh_a_hist_tx
2021-07-07,355.55,41965.9,stock_zh_a_hist_tx
2021-07-08,369.12,73574.98,stock_zh_a_hist_tx
2021-07-09,372.53,49782.26,stock_zh_a_hist_tx
2021-07-12,376.59,45107.29,stock_zh_a_hist_tx
2021-07-13,368.65,37476.35,stock_zh_a_hist_tx
2021-07-14,384.5,85667.55,stock_zh_a_hist_tx
2021-07-15,383.28,38778.34,stock_zh_a_hist_tx
2021-07-16,370.71,40685.19,stock_zh_a_hist_tx
2021-07-19,402.91,106666.3,stock_zh_a_hist_tx
2021-07-20,400.02,44357.69,stock_zh_a_hist_tx
2021-07-21,395.97,53107.03,stock_zh_a_hist_tx
2021-07-22,370.67,107524.82,stock_zh_a_hist_tx
2021-07-23,356.79,62970.32,stock_zh_a_hist_tx
2021-07-26,324.62,110842.71,stock_zh_a_hist_tx
2021-07-27,293.99,127971.87,stock_zh_a_hist_tx
2021-07-28,301.94,104255.52,stock_zh_a_hist_tx
2021-07-29,300.4,85129.92,stock_zh_a_hist_tx
2021-07-30,296.77,99836.71,stock_zh_a_hist_tx
2021-08-02,297.48,99630.91,stock_zh_a_hist_tx
2021-08-03,308.79,92601.54,stock_zh_a_hist_tx
2021-08-04,298.24,81551.73,stock_zh_a_hist_tx
2021-08-05,267.52,269922.71,stock_zh_a_hist_tx
2021-08-06,269.05,178985.36,stock_zh_a_hist_tx
2021-08-09,280.26,126059.62,stock_zh_a_hist_tx
2021-08-10,290.27,101849.95,stock_zh_a_hist_tx
2021-08-11,282.3,65124.83,stock_zh_a_hist_tx
2021-08-12,283.71,63432.33,stock_zh_a_hist_tx
2021-08-13,299.19,113811.05,stock_zh_a_hist_tx
2021-08-16,300.01,105658.44,stock_zh_a_hist_tx
2021-08-17,285.88,83530.73,stock_zh_a_hist_tx
2021-08-18,274.91,76863.56,stock_zh_a_hist_tx
2021-08-19,276.01,60110.1,stock_zh_a_hist_tx
2021-08-20,261.89,103992.32,stock_zh_a_hist_tx
2021-08-23,262.57,71774.83,stock_zh_a_hist_tx
2021-08-24,265.61,63092.63,stock_zh_a_hist_tx
2021-08-25,268.1,65269.75,stock_zh_a_hist_tx
2021-08-26,255.87,85984.81,stock_zh_a_hist_tx
2021-08-27,248.78,91404.03,stock_zh_a_hist_tx
2021-08-30,247.53,96288.04,stock_zh_a_hist_tx
2021-08-31,246.25,62756.8,stock_zh_a_hist_tx
2021-09-01,253.51,93822.71,stock_zh_a_hist_tx
2021-09-02,232.74,136494.0,stock_zh_a_hist_tx
2021-09-03,233.12,84385.78,stock_zh_a_hist_tx
2021-09-06,252.02,118738.36,stock_zh_a_hist_tx
2021-09-07,247.06,69699.31,stock_zh_a_hist_tx
2021-09-08,241.82,59192.23,stock_zh_a_hist_tx
2021-09-09,239.0,47369.82,stock_zh_a_hist_tx
2021-09-10,236.73,58180.93,stock_zh_a_hist_tx
2021-09-13,236.68,63802.85,stock_zh_a_hist_tx
2021-09-14,235.44,66567.03,stock_zh_a_hist_tx
2021-09-15,227.66,85217.73,stock_zh_a_hist_tx
2021-09-16,229.51,67456.73,stock_zh_a_hist_tx
2021-09-17,234.18,112546.88,stock_zh_a_hist_tx
2021-09-22,225.08,65943.1,stock_zh_a_hist_tx
2021-09-23,232.46,63400.31,stock_zh_a_hist_tx
2021-09-24,242.96,111523.92,stock_zh_a_hist_tx
2021-09-27,255.67,139968.67,stock_zh_a_hist_tx
2021-09-28,257.81,78374.63,stock_zh_a_hist_tx
2021-09-29,256.37,58372.34,stock_zh_a_hist_tx
2021-09-30,265.67,87717.39,stock_zh_a_hist_tx
2021-10-08,279.16,141431.54,stock_zh_a_hist_tx
2021-10-11,286.61,100555.37,stock_zh_a_hist_tx
2021-10-12,284.51,69894.11,stock_zh_a_hist_tx
2021-10-13,304.03,98765.29,stock_zh_a_hist_tx
2021-10-14,297.51,75510.6,stock_zh_a_hist_tx
2021-10-15,279.18,145089.3,stock_zh_a_hist_tx
2021-10-18,268.81,92111.32,stock_zh_a_hist_tx
2021-10-19,271.51,55238.08,stock_zh_a_hist_tx
2021-10-20,272.5,38417.75,stock_zh_a_hist_tx
2021-10-21,270.21,35123.22,stock_zh_a_hist_tx
2021-10-22,275.41,46982.5,stock_zh_a_hist_tx
2021-10-25,276.24,41699.59,stock_zh_a_hist_tx
2021-10-26,275.01,31319.64,stock_zh_a_hist_tx
2021-10-27,261.07,78216.01,stock_zh_a_hist_tx
2021-10-28,263.0,55699.08,stock_zh_a_hist_tx
2021-10-29,263.77,50197.58,stock_zh_a_hist_tx
2021-11-01,251.56,114098.31,stock_zh_a_hist_tx
2021-11-02,252.81,57865.46,stock_zh_a_hist_tx
2021-11-03,254.73,42465.4,stock_zh_a_hist_tx
2021-11-04,272.71,84146.3,stock_zh_a_hist_tx
2021-11-05,276.86,72218.23,stock_zh_a_hist_tx
2021-11-08,266.82,62292.08,stock_zh_a_hist_tx
2021-11-09,264.08,39142.44,stock_zh_a_hist_tx
2021-11-10,274.84,61599.6,stock_zh_a_hist_tx
2021-11-11,261.77,80665.84,stock_zh_a_hist_tx
2021-11-12,253.01,78238.19,stock_zh_a_hist_tx
2021-11-15,255.36,36722.83,stock_zh_a_hist_tx
2021-11-16,274.05,108032.54,stock_zh_a_hist_tx
2021-11-17,281.81,94284.96,stock_zh_a_hist_tx
2021-11-18,279.87,49042.75,stock_zh_a_hist_tx
2021-11-19,275.02,45286.88,stock_zh_a_hist_tx
2021-11-22,274.01,49987.6,stock_zh_a_hist_tx
2021-11-23,283.01,71341.7,stock_zh_a_hist_tx
2021-11-24,288.31,103008.45,stock_zh_a_hist_tx
2021-11-25,288.08,46315.4,stock_zh_a_hist_tx
2021-11-26,283.04,47463.17,stock_zh_a_hist_tx
2021-11-29,278.54,50361.93,stock_zh_a_hist_tx
2021-11-30,274.39,41707.61,stock_zh_a_hist_tx
2021-12-01,272.54,29117.85,stock_zh_a_hist_tx
2021-12-02,271.42,28488.39,stock_zh_a_hist_tx
2021-12-03,281.0,52164.07,stock_zh_a_hist_tx
2021-12-06,271.37,42253.84,stock_zh_a_hist_tx
2021-12-07,266.09,44868.88,stock_zh_a_hist_tx
2021-12-08,278.81,64452.57,stock_zh_a_hist_tx
2021-12-09,294.21,108343.6,stock_zh_a_hist_tx
2021-12-10,289.61,55988.93,stock_zh_a_hist_tx
2021-12-13,292.71,49509.66,stock_zh_a_hist_tx
2021-12-14,294.09,50968.21,stock_zh_a_hist_tx
2021-12-15,292.56,56569.93,stock_zh_a_hist_tx
2021-12-16,295.35,48055.08,stock_zh_a_hist_tx
2021-12-17,281.51,48760.19,stock_zh_a_hist_tx
2021-12-20,275.51,42029.91,stock_zh_a_hist_tx
2021-12-21,280.01,29039.63,stock_zh_a_hist_tx
2021-12-22,278.28,23125.87,stock_zh_a_hist_tx
2021-12-23,276.96,21469.14,stock_zh_a_hist_tx
2021-12-24,274.29,41579.61,stock_zh_a_hist_tx
2021-12-27,268.69,43940.55,stock_zh_a_hist_tx
2021-12-28,272.87,32916.74,stock_zh_a_hist_tx
2021-12-29,266.19,51876.07,stock_zh_a_hist_tx
2021-12-30,262.37,53136.14,stock_zh_a_hist_tx
2021-12-31,262.41,38833.23,stock_zh_a_hist_tx
2022-01-04,261.68,40903.44,stock_zh_a_hist_tx
2022-01-05,263.24,42723.26,stock_zh_a_hist_tx
2022-01-06,254.07,54126.17,stock_zh_a_hist_tx
2022-01-07,252.05,37122.67,stock_zh_a_hist_tx
2022-01-10,260.01,37409.75,stock_zh_a_hist_tx
2022-01-11,254.68,26366.68,stock_zh_a_hist_tx
2022-01-12,258.91,25243.23,stock_zh_a_hist_tx
2022-01-13,253.09,28751.63,stock_zh_a_hist_tx
2022-01-14,245.44,41951.55,stock_zh_a_hist_tx
2022-01-17,247.53,29907.9,stock_zh_a_hist_tx
2022-01-18,243.9,33843.82,stock_zh_a_hist_tx
2022-01-19,218.61,122314.79,stock_zh_a_hist_tx
2022-01-20,195.85,42034.0,stock_zh_a_hist_tx
2022-01-21,175.37,39948.0,stock_zh_a_hist_tx
2022-01-24,162.25,498718.71,stock_zh_a_hist_tx
2022-01-25,155.12,212694.56,stock_zh_a_hist_tx
2022-01-26,159.18,184536.61,stock_zh_a_hist_tx
2022-01-27,160.84,179634.26,stock_zh_a_hist_tx
2022-01-28,165.56,176060.47,stock_zh_a_hist_tx
2022-02-07,156.01,153694.36,stock_zh_a_hist_tx
2022-02-08,156.15,81891.2,stock_zh_a_hist_tx
2022-02-09,157.36,81280.47,stock_zh_a_hist_tx
2022-02-10,156.26,74836.24,stock_zh_a_hist_tx
2022-02-11,155.71,72242.78,stock_zh_a_hist_tx
2022-02-14,154.56,62935.78,stock_zh_a_hist_tx
2022-02-15,165.21,154004.24,stock_zh_a_hist_tx
2022-02-16,163.55,87984.99,stock_zh_a_hist_tx
2022-02-17,161.78,56632.38,stock_zh_a_hist_tx
2022-02-18,164.77,62804.2,stock_zh_a_hist_tx
2022-02-21,166.03,70817.08,stock_zh_a_hist_tx
2022-02-22,175.06,170742.22,stock_zh_a_hist_tx
2022-02-23,176.14,105358.97,stock_zh_a_hist_tx
2022-02-24,178.37,163497.4,stock_zh_a_hist_tx
2022-02-25,180.83,105800.59,stock_zh_a_hist_tx
2022-02-28,173.06,110051.84,stock_zh_a_hist_tx
2022-03-01,173.76,62548.07,stock_zh_a_hist_tx
2022-03-02,172.51,53346.98,stock_zh_a_hist_tx
2022-03-03,170.18,57238.23,stock_zh_a_hist_tx
2022-03-04,170.73,86290.4,stock_zh_a_hist_tx
2022-03-07,163.76,84109.12,stock_zh_a_hist_tx
2022-03-08,155.11,93739.93,stock_zh_a_hist_tx
2022-03-09,151.36,92244.0,stock_zh_a_hist_tx
2022-03-10,167.4,128046.08,stock_zh_a_hist_tx
2022-03-11,181.91,257395.71,stock_zh_a_hist_tx
2022-03-14,173.02,119051.7,stock_zh_a_hist_tx
2022-03-15,167.51,93966.26,stock_zh_a_hist_tx
2022-03-16,167.0,113079.31,stock_zh_a_hist_tx
2022-03-17,167.55,163036.97,stock_zh_a_hist_tx
2022-03-18,163.61,104374.52,stock_zh_a_hist_tx
2022-03-21,167.43,93650.12,stock_zh_a_hist_tx
2022-03-22,164.25,70349.56,stock_zh_a_hist_tx
2022-03-23,164.31,77764.62,stock_zh_a_hist_tx
2022-03-24,165.46,80887.75,stock_zh_a_hist_tx
2022-03-25,157.71,103011.87,stock_zh_a_hist_tx
2022-03-28,156.44,46867.83,stock_zh_a_hist_tx
2022-03-29,154.46,38606.81,stock_zh_a_hist_tx
2022-03-30,161.62,80264.56,stock_zh_a_hist_tx
2022-03-31,158.86,52410.17,stock_zh_a_hist_tx
2022-04-01,159.16,49406.0,stock_zh_a_hist_tx
2022-04-06,155.11,66340.0,stock_zh_a_hist_tx
2022-04-07,155.67,71021.0,stock_zh_a_hist_tx
2022-04-08,152.46,56818.0,stock_zh_a_hist_tx
2022-04-11,147.17,56660.0,stock_zh_a_hist_tx
2022-04-12,152.66,53281.0,stock_zh_a_hist_tx
2022-04-13,152.74,50226.0,stock_zh_a_hist_tx
2022-04-14,151.81,57968.0,stock_zh_a_hist_tx
2022-04-15,148.76,46698.0,stock_zh_a_hist_tx
2022-04-18,145.67,44055.0,stock_zh_a_hist_tx
2022-04-19,143.26,48462.0,stock_zh_a_hist_tx
2022-04-20,144.67,74302.0,stock_zh_a_hist_tx
2022-04-21,139.4,49695.0,stock_zh_a_hist_tx
2022-04-22,138.2,47735.0,stock_zh_a_hist_tx
2022-04-25,126.17,71446.0,stock_zh_a_hist_tx
2022-04-26,126.89,77205.0,stock_zh_a_hist_tx
2022-04-27,138.29,105342.0,stock_zh_a_hist_tx
2022-04-28,144.9,124285.0,stock_zh_a_hist_tx
2022-04-29,148.03,80554.0,stock_zh_a_hist_tx
2022-05-05,148.82,56348.0,stock_zh_a_hist_tx
2022-05-06,144.01,50266.0,stock_zh_a_hist_tx
2022-05-09,143.17,27651.0,stock_zh_a_hist_tx
2022-05-10,143.95,46944.0,stock_zh_a_hist_tx
2022-05-11,149.56,81182.0,stock_zh_a_hist_tx
2022-05-12,150.73,43686.0,stock_zh_a_hist_tx
2022-05-13,147.31,47379.0,stock_zh_a_hist_tx
2022-05-16,143.77,42279.0,stock_zh_a_hist_tx
2022-05-17,142.36,43760.0,stock_zh_a_hist_tx
2022-05-18,141.12,33162.0,stock_zh_a_hist_tx
2022-05-19,139.83,51616.0,stock_zh_a_hist_tx
2022-05-20,150.37,119112.0,stock_zh_a_hist_tx
2022-05-23,151.09,89045.0,stock_zh_a_hist_tx
2022-05-24,145.04,68948.0,stock_zh_a_hist_tx
2022-05-25,142.91,51116.0,stock_zh_a_hist_tx
2022-05-26,142.04,44522.0,stock_zh_a_hist_tx
2022-05-27,142.7,57005.0,stock_zh_a_hist_tx
2022-05-30,150.23,115499.0,stock_zh_a_hist_tx
2022-05-31,156.89,105266.0,stock_zh_a_hist_tx
2022-06-01,162.17,115209.0,stock_zh_a_hist_tx
2022-06-02,160.16,64158.0,stock_zh_a_hist_tx
2022-06-06,161.81,63109.0,stock_zh_a_hist_tx
2022-06-07,163.83,63380.0,stock_zh_a_hist_tx
2022-06-08,165.66,89707.0,stock_zh_a_hist_tx
2022-06-09,161.71,50059.0,stock_zh_a_hist_tx
2022-06-10,167.31,65963.0,stock_zh_a_hist_tx
2022-06-13,168.82,57449.0,stock_zh_a_hist_tx
2022-06-14,167.16,55618.0,stock_zh_a_hist_tx
2022-06-15,176.98,111890.0,stock_zh_a_hist_tx
2022-06-16,183.49,113867.0,stock_zh_a_hist_tx
2022-06-17,202.66,170978.0,stock_zh_a_hist_tx
2022-06-20,205.62,179367.0,stock_zh_a_hist_tx
2022-06-21,206.8,116031.0,stock_zh_a_hist_tx
2022-06-22,200.81,94683.0,stock_zh_a_hist_tx
2022-06-23,199.51,87910.0,stock_zh_a_hist_tx
2022-06-24,202.96,92908.0,stock_zh_a_hist_tx
2022-06-27,210.01,89659.0,stock_zh_a_hist_tx
2022-06-28,218.5,93779.0,stock_zh_a_hist_tx
2022-06-29,220.21,120556.0,stock_zh_a_hist_tx
2022-06-30,225.23,81677.0,stock_zh_a_hist_tx
2022-07-01,220.87,74729.0,stock_zh_a_hist_tx
2022-07-04,227.91,70553.0,stock_zh_a_hist_tx
2022-07-05,226.04,69523.0,stock_zh_a_hist_tx
2022-07-06,216.11,101995.0,stock_zh_a_hist_tx
2022-07-07,214.92,57104.0,stock_zh_a_hist_tx
2022-07-08,214.72,46439.0,stock_zh_a_hist_tx
2022-07-11,211.61,63986.0,stock_zh_a_hist_tx
2022-07-12,204.31,64375.0,stock_zh_a_hist_tx
2022-07-13,206.21,62466.0,stock_zh_a_hist_tx
2022-07-14,208.1,63130.0,stock_zh_a_hist_tx
2022-07-15,201.59,58052.0,stock_zh_a_hist_tx
2022-07-18,200.61,53057.0,stock_zh_a_hist_tx
2022-07-19,201.54,42273.0,stock_zh_a_hist_tx
2022-07-20,201.06,45833.0,stock_zh_a_hist_tx
2022-07-21,200.63,41674.0,stock_zh_a_hist_tx
2022-07-22,198.21,41898.0,stock_zh_a_hist_tx
2022-07-25,197.86,45384.0,stock_zh_a_hist_tx
2022-07-26,197.93,45758.0,stock_zh_a_hist_tx
2022-07-27,196.28,31477.0,stock_zh_a_hist_tx
2022-07-28,191.72,62189.0,stock_zh_a_hist_tx
2022-07-29,185.64,58130.0,stock_zh_a_hist_tx
2022-08-01,187.22,42323.0,stock_zh_a_hist_tx
2022-08-02,194.41,107256.0,stock_zh_a_hist_tx
2022-08-03,196.98,80116.0,stock_zh_a_hist_tx
2022-08-04,203.17,92118.0,stock_zh_a_hist_tx
2022-08-05,224.31,131084.0,stock_zh_a_hist_tx
2022-08-08,213.86,117463.0,stock_zh_a_hist_tx
2022-08-09,215.61,59516.0,stock_zh_a_hist_tx
2022-08-10,208.09,69960.0,stock_zh_a_hist_tx
2022-08-11,216.85,76379.0,stock_zh_a_hist_tx
2022-08-12,221.56,57818.0,stock_zh_a_hist_tx
2022-08-15,214.41,47451.0,stock_zh_a_hist_tx
2022-08-16,208.98,49093.0,stock_zh_a_hist_tx
2022-08-17,216.36,52189.0,stock_zh_a_hist_tx
2022-08-18,193.91,114210.0,stock_zh_a_hist_tx
2022-08-19,185.41,256884.0,stock_zh_a_hist_tx
2022-08-22,178.81,123542.0,stock_zh_a_hist_tx
2022-08-23,174.43,68737.0,stock_zh_a_hist_tx
2022-08-24,174.12,47589.0,stock_zh_a_hist_tx
2022-08-25,177.7,123935.0,stock_zh_a_hist_tx
2022-08-26,169.39,89867.0,stock_zh_a_hist_tx
2022-08-29,166.31,47639.0,stock_zh_a_hist_tx
2022-08-30,166.86,37255.0,stock_zh_a_hist_tx
2022-08-31,168.89,53471.0,stock_zh_a_hist_tx
2022-09-01,165.22,38584.0,stock_zh_a_hist_tx
2022-09-02,167.77,60546.0,stock_zh_a_hist_tx
2022-09-05,167.72,30834.0,stock_zh_a_hist_tx
2022-09-06,163.5,85581.0,stock_zh_a_hist_tx
2022-09-07,159.69,62015.0,stock_zh_a_hist_tx
2022-09-08,157.64,41457.0,stock_zh_a_hist_tx
2022-09-09,160.54,43959.0,stock_zh_a_hist_tx
2022-09-13,163.64,60321.0,stock_zh_a_hist_tx
2022-09-14,161.49,34024.0,stock_zh_a_hist_tx
2022-09-15,159.27,35190.0,stock_zh_a_hist_tx
2022-09-16,151.84,59848.0,stock_zh_a_hist_tx
2022-09-19,153.33,35446.0,stock_zh_a_hist_tx
2022-09-20,153.53,42853.0,stock_zh_a_hist_tx
2022-09-21,150.41,39786.0,stock_zh_a_hist_tx
2022-09-22,149.71,32294.0,stock_zh_a_hist_tx
2022-09-23,148.25,37132.0,stock_zh_a_hist_tx
2022-09-26,145.61,27865.0,stock_zh_a_hist_tx
2022-09-27,158.81,88074.0,stock_zh_a_hist_tx
2022-09-28,157.03,63145.0,stock_zh_a_hist_tx
2022-09-29,159.49,68958.0,stock_zh_a_hist_tx
2022-09-30,162.16,54246.0,stock_zh_a_hist_tx
2022-10-10,159.75,37064.0,stock_zh_a_hist_tx
2022-10-11,153.38,46922.0,stock_zh_a_hist_tx
2022-10-12,154.76,45147.0,stock_zh_a_hist_tx
2022-10-13,163.02,60502.0,stock_zh_a_hist_tx
2022-10-14,180.14,132130.0,stock_zh_a_hist_tx
2022-10-17,190.31,183166.0,stock_zh_a_hist_tx
2022-10-18,191.83,81553.0,stock_zh_a_hist_tx
2022-10-19,186.54,75072.0,stock_zh_a_hist_tx
2022-10-20,191.51,78114.0,stock_zh_a_hist_tx
2022-10-21,187.8,44742.0,stock_zh_a_hist_tx
2022-10-24,179.69,65583.0,stock_zh_a_hist_tx
2022-10-25,174.58,62379.0,stock_zh_a_hist_tx
2022-10-26,180.06,63342.0,stock_zh_a_hist_tx
2022-10-27,170.01,90125.0,stock_zh_a_hist_tx
2022-10-28,166.56,52425.0,stock_zh_a_hist_tx
2022-10-31,153.71,135097.0,stock_zh_a_hist_tx
2022-11-01,162.69,94089.0,stock_zh_a_hist_tx
2022-11-02,165.17,86334.0,stock_zh_a_hist_tx
2022-11-03,162.15,51955.0,stock_zh_a_hist_tx
2022-11-04,166.5,58099.0,stock_zh_a_hist_tx
2022-11-07,166.59,54528.0,stock_zh_a_hist_tx
2022-11-08,163.36,47066.0,stock_zh_a_hist_tx
2022-11-09,163.58,37446.0,stock_zh_a_hist_tx
2022-11-10,162.52,42100.0,stock_zh_a_hist_tx
2022-11-11,161.81,112134.0,stock_zh_a_hist_tx
2022-11-14,163.5,78812.0,stock_zh_a_hist_tx
2022-11-15,170.19,89664.0,stock_zh_a_hist_tx
2022-11-16,168.89,72959.0,stock_zh_a_hist_tx
2022-11-17,167.51,47726.0,stock_zh_a_hist_tx
2022-11-18,168.34,49419.0,stock_zh_a_hist_tx
2022-11-21,164.05,59035.0,stock_zh_a_hist_tx
2022-11-22,158.82,62984.0,stock_zh_a_hist_tx
2022-11-23,157.15,39938.0,stock_zh_a_hist_tx
2022-11-24,157.94,32318.0,stock_zh_a_hist_tx
2022-11-25,155.75,32232.0,stock_zh_a_hist_tx
2022-11-28,156.23,31975.0,stock_zh_a_hist_tx
2022-11-29,162.54,57692.0,stock_zh_a_hist_tx
2022-11-30,160.91,51609.0,stock_zh_a_hist_tx
2022-12-01,170.79,107410.0,stock_zh_a_hist_tx
2022-12-02,167.7,38436.0,stock_zh_a_hist_tx
2022-12-05,170.79,47374.0,stock_zh_a_hist_tx
2022-12-06,174.78,57162.0,stock_zh_a_hist_tx
2022-12-07,173.61,49991.0,stock_zh_a_hist_tx
2022-12-08,169.58,49210.0,stock_zh_a_hist_tx
2022-12-09,170.08,50953.0,stock_zh_a_hist_tx
2022-12-12,169.8,30544.0,stock_zh_a_hist_tx
2022-12-13,169.02,36528.0,stock_zh_a_hist_tx
2022-12-14,168.36,42832.0,stock_zh_a_hist_tx
2022-12-15,164.21,51341.0,stock_zh_a_hist_tx
2022-12-16,164.91,26414.0,stock_zh_a_hist_tx
2022-12-19,159.31,36154.0,stock_zh_a_hist_tx
2022-12-20,158.39,36692.0,stock_zh_a_hist_tx
2022-12-21,158.95,27665.0,stock_zh_a_hist_tx
2022-12-22,160.75,46235.0,stock_zh_a_hist_tx
2022-12-23,162.18,27777.0,stock_zh_a_hist_tx
2022-12-26,161.31,28268.0,stock_zh_a_hist_tx
2022-12-27,163.71,44564.0,stock_zh_a_hist_tx
2022-12-28,160.63,39265.0,stock_zh_a_hist_tx
2022-12-29,159.88,51904.0,stock_zh_a_hist_tx
2022-12-30,158.26,47142.0,stock_zh_a_hist_tx
2023-01-03,167.77,96950.0,stock_zh_a_hist_tx
2023-01-04,168.62,43326.0,stock_zh_a_hist_tx
2023-01-05,182.46,180080.0,stock_zh_a_hist_tx
2023-01-06,182.44,110404.0,stock_zh_a_hist_tx
2023-01-09,187.31,105334.0,stock_zh_a_hist_tx
2023-01-10,192.85,100689.0,stock_zh_a_hist_tx
2023-01-11,189.51,61062.0,stock_zh_a_hist_tx
2023-01-12,188.21,44308.0,stock_zh_a_hist_tx
2023-01-13,193.91,64364.0,stock_zh_a_hist_tx
2023-01-16,204.36,112330.0,stock_zh_a_hist_tx
2023-01-17,204.51,55570.0,stock_zh_a_hist_tx
2023-01-18,201.98,37084.0,stock_zh_a_hist_tx
2023-01-19,205.61,55412.0,stock_zh_a_hist_tx
2023-01-20,200.41,57360.0,stock_zh_a_hist_tx
2023-01-30,199.7,53368.0,stock_zh_a_hist_tx
2023-01-31,192.91,56900.0,stock_zh_a_hist_tx
2023-02-01,194.81,44829.0,stock_zh_a_hist_tx
2023-02-02,193.29,47037.0,stock_zh_a_hist_tx
2023-02-03,191.26,42982.0,stock_zh_a_hist_tx
2023-02-06,196.61,80680.0,stock_zh_a_hist_tx
2023-02-07,191.61,42596.0,stock_zh_a_hist_tx
2023-02-08,191.43,27195.0,stock_zh_a_hist_tx
2023-02-09,193.08,36732.0,stock_zh_a_hist_tx
2023-02-10,193.09,42178.0,stock_zh_a_hist_tx
2023-02-13,198.2,62024.0,stock_zh_a_hist_tx
2023-02-14,196.72,29495.0,stock_zh_a_hist_tx
2023-02-15,192.71,42888.0,stock_zh_a_hist_tx
2023-02-16,188.31,52639.0,stock_zh_a_hist_tx
2023-02-17,189.09,46110.0,stock_zh_a_hist_tx
2023-02-20,193.01,38065.0,stock_zh_a_hist_tx
2023-02-21,193.01,31222.0,stock_zh_a_hist_tx
2023-02-22,192.75,55031.0,stock_zh_a_hist_tx
2023-02-23,189.6,44483.0,stock_zh_a_hist_tx
2023-02-24,186.93,25078.0,stock_zh_a_hist_tx
2023-02-27,186.21,29606.0,stock_zh_a_hist_tx
2023-02-28,189.1,30630.0,stock_zh_a_hist_tx
2023-03-01,188.36,25724.0,stock_zh_a_hist_tx
2023-03-02,184.94,30172.0,stock_zh_a_hist_tx
2023-03-03,185.12,23337.0,stock_zh_a_hist_tx
2023-03-06,184.36,28613.0,stock_zh_a_hist_tx
2023-03-07,180.62,42155.0,stock_zh_a_hist_tx
2023-03-08,182.57,28810.0,stock_zh_a_hist_tx
2023-03-09,185.26,42016.0,stock_zh_a_hist_tx
2023-03-10,183.56,28714.0,stock_zh_a_hist_tx
2023-03-13,181.06,37517.0,stock_zh_a_hist_tx
2023-03-14,181.81,36274.0,stock_zh_a_hist_tx
2023-03-15,176.28,54782.0,stock_zh_a_hist_tx
2023-03-16,176.61,29345.0,stock_zh_a_hist_tx
2023-03-17,158.14,218282.0,stock_zh_a_hist_tx
2023-03-20,149.46,155362.0,stock_zh_a_hist_tx
2023-03-21,161.68,141432.0,stock_zh_a_hist_tx
2023-03-22,161.94,57772.0,stock_zh_a_hist_tx
2023-03-23,159.44,56064.0,stock_zh_a_hist_tx
2023-03-24,159.18,47124.0,stock_zh_a_hist_tx
2023-03-27,159.81,48328.0,stock_zh_a_hist_tx
2023-03-28,158.08,33423.0,stock_zh_a_hist_tx
2023-03-29,156.9,36496.0,stock_zh_a_hist_tx
2023-03-30,156.39,53894.0,stock_zh_a_hist_tx
2023-03-31,155.11,40866.0,stock_zh_a_hist_tx
2023-04-03,154.4,58401.0,stock_zh_a_hist_tx
2023-04-04,154.57,54584.0,stock_zh_a_hist_tx
2023-04-06,156.43,51413.0,stock_zh_a_hist_tx
2023-04-07,161.56,77222.0,stock_zh_a_hist_tx
2023-04-10,160.89,51745.0,stock_zh_a_hist_tx
2023-04-11,158.43,55037.0,stock_zh_a_hist_tx
2023-04-12,157.38,31891.0,stock_zh_a_hist_tx
2023-04-13,159.47,58002.0,stock_zh_a_hist_tx
2023-04-14,158.61,54112.0,stock_zh_a_hist_tx
2023-04-17,160.61,73270.0,stock_zh_a_hist_tx
2023-04-18,160.34,150834.0,stock_zh_a_hist_tx
2023-04-19,154.69,87752.0,stock_zh_a_hist_tx
2023-04-20,151.85,59434.0,stock_zh_a_hist_tx
2023-04-21,155.34,84619.0,stock_zh_a_hist_tx
2023-04-24,153.95,59236.0,stock_zh_a_hist_tx
2023-04-25,152.52,43341.0,stock_zh_a_hist_tx
2023-04-26,151.82,32860.0,stock_zh_a_hist_tx
2023-04-27,155.11,50112.0,stock_zh_a_hist_tx
2023-04-28,155.72,31189.0,stock_zh_a_hist_tx
2023-05-04,158.98,46890.0,stock_zh_a_hist_tx
2023-05-05,157.59,32079.0,stock_zh_a_hist_tx
2023-05-08,154.67,36141.0,stock_zh_a_hist_tx
2023-05-09,152.87,28471.0,stock_zh_a_hist_tx
2023-05-10,154.28,23687.0,stock_zh_a_hist_tx
2023-05-11,153.53,24700.0,stock_zh_a_hist_tx
2023-05-12,155.9,43968.0,stock_zh_a_hist_tx
2023-05-15,161.17,60990.0,stock_zh_a_hist_tx
2023-05-16,166.61,92168.0,stock_zh_a_hist_tx
2023-05-17,165.71,41035.0,stock_zh_a_hist_tx
2023-05-18,164.04,27182.0,stock_zh_a_hist_tx
2023-05-19,163.41,21465.0,stock_zh_a_hist_tx
2023-05-22,163.79,25444.0,stock_zh_a_hist_tx
2023-05-23,162.66,26748.0,stock_zh_a_hist_tx
2023-05-24,160.27,23868.0,stock_zh_a_hist_tx
2023-05-25,159.71,20816.0,stock_zh_a_hist_tx
2023-05-26,158.69,18402.0,stock_zh_a_hist_tx
2023-05-29,153.81,54100.0,stock_zh_a_hist_tx
2023-05-30,153.19,31652.0,stock_zh_a_hist_tx
2023-05-31,152.21,28485.0,stock_zh_a_hist_tx
2023-06-01,152.41,25039.0,stock_zh_a_hist_tx
2023-06-02,153.61,26461.0,stock_zh_a_hist_tx
2023-06-05,151.75,33835.0,stock_zh_a_hist_tx
2023-06-06,150.27,24667.0,stock_zh_a_hist_tx
2023-06-07,134.52,135327.0,stock_zh_a_hist_tx
2023-06-08,133.93,100267.0,stock_zh_a_hist_tx
2023-06-09,129.85,80633.0,stock_zh_a_hist_tx
2023-06-12,129.46,71634.0,stock_zh_a_hist_tx
2023-06-13,127.8,56601.0,stock_zh_a_hist_tx
2023-06-14,128.35,48533.0,stock_zh_a_hist_tx
2023-06-15,138.33,108842.0,stock_zh_a_hist_tx
2023-06-16,136.13,51775.0,stock_zh_a_hist_tx
2023-06-19,133.1,51162.0,stock_zh_a_hist_tx
2023-06-20,133.06,29572.0,stock_zh_a_hist_tx
2023-06-21,130.96,29228.0,stock_zh_a_hist_tx
2023-06-26,129.52,31549.0,stock_zh_a_hist_tx
2023-06-27,130.49,23122.0,stock_zh_a_hist_tx
2023-06-28,128.61,33330.0,stock_zh_a_hist_tx
2023-06-29,128.62,26537.0,stock_zh_a_hist_tx
2023-06-30,129.11,39262.0,stock_zh_a_hist_tx
2023-07-03,135.22,85496.0,stock_zh_a_hist_tx
2023-07-04,137.13,45757.0,stock_zh_a_hist_tx
2023-07-05,137.01,31492.0,stock_zh_a_hist_tx
2023-07-06,134.73,23770.0,stock_zh_a_hist_tx
2023-07-07,134.52,16783.0,stock_zh_a_hist_tx
2023-07-10,137.88,48214.0,stock_zh_a_hist_tx
2023-07-11,137.55,20165.0,stock_zh_a_hist_tx
2023-07-12,135.81,24256.0,stock_zh_a_hist_tx
2023-07-13,138.82,55046.0,stock_zh_a_hist_tx
2023-07-14,137.61,21941.0,stock_zh_a_hist_tx
2023-07-17,135.59,16977.0,stock_zh_a_hist_tx
2023-07-18,135.79,20144.0,stock_zh_a_hist_tx
2023-07-19,136.65,18648.0,stock_zh_a_hist_tx
2023-07-20,135.38,17566.0,stock_zh_a_hist_tx
2023-07-21,136.53,28356.0,stock_zh_a_hist_tx
2023-07-24,136.09,17024.0,stock_zh_a_hist_tx
2023-07-25,138.83,33752.0,stock_zh_a_hist_tx
2023-07-26,141.11,46962.0,stock_zh_a_hist_tx
2023-07-27,142.0,33335.0,stock_zh_a_hist_tx
2023-07-28,147.3,88207.0,stock_zh_a_hist_tx
2023-07-31,143.02,81288.0,stock_zh_a_hist_tx
2023-08-01,138.18,70401.0,stock_zh_a_hist_tx
2023-08-02,136.3,48494.0,stock_zh_a_hist_tx
2023-08-03,136.98,42800.0,stock_zh_a_hist_tx
2023-08-04,137.26,39827.0,stock_zh_a_hist_tx
2023-08-07,131.14,74641.0,stock_zh_a_hist_tx
2023-08-08,130.49,41094.0,stock_zh_a_hist_tx
2023-08-09,132.47,53234.0,stock_zh_a_hist_tx
2023-08-10,132.53,29182.0,stock_zh_a_hist_tx
2023-08-11,129.89,32122.0,stock_zh_a_hist_tx
2023-08-14,130.95,29569.0,stock_zh_a_hist_tx
2023-08-15,130.01,18267.0,stock_zh_a_hist_tx
2023-08-16,129.49,39007.0,stock_zh_a_hist_tx
2023-08-17,133.61,57211.0,stock_zh_a_hist_tx
2023-08-18,130.63,26336.0,stock_zh_a_hist_tx
2023-08-21,128.97,22132.0,stock_zh_a_hist_tx
2023-08-22,124.04,71075.0,stock_zh_a_hist_tx
2023-08-23,122.55,35900.0,stock_zh_a_hist_tx
2023-08-24,132.39,99959.0,stock_zh_a_hist_tx
2023-08-25,129.81,48485.0,stock_zh_a_hist_tx
2023-08-28,130.02,61905.0,stock_zh_a_hist_tx
2023-08-29,131.26,51298.0,stock_zh_a_hist_tx
2023-08-30,131.66,30232.0,stock_zh_a_hist_tx
2023-08-31,130.31,21610.0,stock_zh_a_hist_tx
2023-09-01,130.64,17348.0,stock_zh_a_hist_tx
2023-09-04,132.83,36683.0,stock_zh_a_hist_tx
2023-09-05,132.32,19642.0,stock_zh_a_hist_tx
2023-09-06,130.95,28358.0,stock_zh_a_hist_tx
2023-09-07,128.71,26767.0,stock_zh_a_hist_tx
2023-09-08,128.77,16857.0,stock_zh_a_hist_tx
2023-09-11,129.58,34599.0,stock_zh_a_hist_tx
2023-09-12,129.73,34028.0,stock_zh_a_hist_tx
2023-09-13,127.98,25199.0,stock_zh_a_hist_tx
2023-09-14,127.5,18616.0,stock_zh_a_hist_tx
2023-09-15,127.81,40413.0,stock_zh_a_hist_tx
2023-09-18,128.85,26350.0,stock_zh_a_hist_tx
2023-09-19,128.28,21976.0,stock_zh_a_hist_tx
2023-09-20,127.94,19775.0,stock_zh_a_hist_tx
2023-09-21,126.28,26195.0,stock_zh_a_hist_tx
2023-09-22,128.79,33443.0,stock_zh_a_hist_tx
2023-09-25,129.84,36059.0,stock_zh_a_hist_tx
2023-09-26,129.5,19751.0,stock_zh_a_hist_tx
2023-09-27,130.39,40250.0,stock_zh_a_hist_tx
2023-09-28,131.81,44997.0,stock_zh_a_hist_tx
2023-10-09,132.43,43596.0,stock_zh_a_hist_tx
2023-10-10,131.09,30753.0,stock_zh_a_hist_tx
2023-10-11,134.12,69994.0,stock_zh_a_hist_tx
2023-10-12,134.4,31183.0,stock_zh_a_hist_tx
2023-10-13,134.34,29045.0,stock_zh_a_hist_tx
2023-10-16,135.31,56741.0,stock_zh_a_hist_tx
2023-10-17,131.94,39444.0,stock_zh_a_hist_tx
2023-10-18,128.0,33756.0,stock_zh_a_hist_tx
2023-10-19,125.6,33045.0,stock_zh_a_hist_tx
2023-10-20,122.5,34935.0,stock_zh_a_hist_tx
2023-10-23,123.44,30419.0,stock_zh_a_hist_tx
2023-10-24,132.81,94794.0,stock_zh_a_hist_tx
2023-10-25,133.73,76675.0,stock_zh_a_hist_tx
2023-10-26,135.71,47416.0,stock_zh_a_hist_tx
2023-10-27,143.45,115829.0,stock_zh_a_hist_tx
2023-10-30,147.42,106995.0,stock_zh_a_hist_tx
2023-10-31,148.43,64776.0,stock_zh_a_hist_tx
2023-11-01,149.13,51139.0,stock_zh_a_hist_tx
2023-11-02,144.69,78883.0,stock_zh_a_hist_tx
2023-11-03,143.96,44591.0,stock_zh_a_hist_tx
2023-11-06,144.79,54410.0,stock_zh_a_hist_tx
2023-11-07,145.81,48494.0,stock_zh_a_hist_tx
2023-11-08,149.4,86864.0,stock_zh_a_hist_tx
2023-11-09,149.71,51245.0,stock_zh_a_hist_tx
2023-11-10,153.24,77959.0,stock_zh_a_hist_tx
2023-11-13,150.11,51105.0,stock_zh_a_hist_tx
2023-11-14,150.31,30833.0,stock_zh_a_hist_tx
2023-11-15,151.96,39213.0,stock_zh_a_hist_tx
2023-11-16,151.3,47813.0,stock_zh_a_hist_tx
2023-11-17,150.98,27763.0,stock_zh_a_hist_tx
2023-11-20,154.14,53165.0,stock_zh_a_hist_tx
2023-11-21,154.38,34262.0,stock_zh_a_hist_tx
2023-11-22,151.06,34120.0,stock_zh_a_hist_tx
2023-11-23,149.34,43249.0,stock_zh_a_hist_tx
2023-11-24,150.66,34889.0,stock_zh_a_hist_tx
2023-11-27,146.8,56209.0,stock_zh_a_hist_tx
2023-11-28,156.49,77412.0,stock_zh_a_hist_tx
2023-11-29,155.1,41609.0,stock_zh_a_hist_tx
2023-11-30,153.7,33864.0,stock_zh_a_hist_tx
2023-12-01,151.7,36322.0,stock_zh_a_hist_tx
2023-12-04,146.73,57922.0,stock_zh_a_hist_tx
2023-12-05,145.64,40323.0,stock_zh_a_hist_tx
2023-12-06,145.53,36078.0,stock_zh_a_hist_tx
2023-12-07,143.19,44605.0,stock_zh_a_hist_tx
2023-12-08,144.17,52402.0,stock_zh_a_hist_tx
2023-12-11,142.9,50130.0,stock_zh_a_hist_tx
2023-12-12,140.79,41115.0,stock_zh_a_hist_tx
2023-12-13,137.58,44387.0,stock_zh_a_hist_tx
2023-12-14,136.17,33247.0,stock_zh_a_hist_tx
2023-12-15,134.36,34837.0,stock_zh_a_hist_tx
2023-12-18,134.44,31535.0,stock_zh_a_hist_tx
2023-12-19,133.53,23591.0,stock_zh_a_hist_tx
2023-12-20,131.49,21983.0,stock_zh_a_hist_tx
2023-12-21,133.49,30900.0,stock_zh_a_hist_tx
2023-12-22,133.61,28573.0,stock_zh_a_hist_tx
2023-12-25,136.56,33192.0,stock_zh_a_hist_tx
2023-12-26,134.76,23389.0,stock_zh_a_hist_tx
2023-12-27,134.94,25031.0,stock_zh_a_hist_tx
2023-12-28,139.66,46047.0,stock_zh_a_hist_tx
2023-12-29,138.61,32546.0,stock_zh_a_hist_tx
2024-01-02,138.24,38677.0,stock_zh_a_hist_tx
2024-01-03,137.32,27446.0,stock_zh_a_hist_tx
2024-01-04,138.13,37822.0,stock_zh_a_hist_tx
2024-01-05,132.63,41902.0,stock_zh_a_hist_tx
2024-01-08,130.45,25301.0,stock_zh_a_hist_tx
2024-01-09,131.1,30148.0,stock_zh_a_hist_tx
2024-01-10,130.76,21896.0,stock_zh_a_hist_tx
2024-01-11,126.22,76910.0,stock_zh_a_hist_tx
2024-01-12,117.81,219500.0,stock_zh_a_hist_tx
2024-01-15,115.44,108891.0,stock_zh_a_hist_tx
2024-01-16,116.84,82649.0,stock_zh_a_hist_tx
2024-01-17,115.87,74667.0,stock_zh_a_hist_tx
2024-01-18,118.28,74637.0,stock_zh_a_hist_tx
2024-01-19,116.63,45283.0,stock_zh_a_hist_tx
2024-01-22,114.54,55195.0,stock_zh_a_hist_tx
2024-01-23,114.54,43523.0,stock_zh_a_hist_tx
2024-01-24,116.16,71505.0,stock_zh_a_hist_tx
2024-01-25,116.83,68653.0,stock_zh_a_hist_tx
2024-01-26,114.84,46708.0,stock_zh_a_hist_tx
2024-01-29,114.55,41560.0,stock_zh_a_hist_tx
2024-01-30,110.25,40706.0,stock_zh_a_hist_tx
2024-01-31,107.06,48370.0,stock_zh_a_hist_tx
2024-02-01,107.45,40526.0,stock_zh_a_hist_tx
2024-02-02,104.11,59488.0,stock_zh_a_hist_tx
2024-02-05,103.51,72977.0,stock_zh_a_hist_tx
2024-02-06,111.8,76558.0,stock_zh_a_hist_tx
2024-02-07,112.31,70758.0,stock_zh_a_hist_tx
2024-02-08,112.94,58564.0,stock_zh_a_hist_tx
2024-02-19,114.58,49396.0,stock_zh_a_hist_tx
2024-02-20,115.81,46357.0,stock_zh_a_hist_tx
2024-02-21,116.69,56830.0,stock_zh_a_hist_tx
2024-02-22,118.29,37276.0,stock_zh_a_hist_tx
2024-02-23,117.73,31220.0,stock_zh_a_hist_tx
2024-02-26,118.01,39942.0,stock_zh_a_hist_tx
2024-02-27,119.16,36135.0,stock_zh_a_hist_tx
2024-02-28,118.66,67544.0,stock_zh_a_hist_tx
2024-02-29,121.31,43566.0,stock_zh_a_hist_tx
2024-03-01,121.91,32585.0,stock_zh_a_hist_tx
2024-03-04,123.34,46722.0,stock_zh_a_hist_tx
2024-03-05,123.4,46291.0,stock_zh_a_hist_tx
2024-03-06,121.95,35815.0,stock_zh_a_hist_tx
2024-03-07,117.9,49052.0,stock_zh_a_hist_tx
2024-03-08,118.41,27646.0,stock_zh_a_hist_tx
2024-03-11,120.7,37680.0,stock_zh_a_hist_tx
2024-03-12,123.32,53185.0,stock_zh_a_hist_tx
2024-03-13,121.1,43387.0,stock_zh_a_hist_tx
2024-03-14,120.82,57879.0,stock_zh_a_hist_tx
2024-03-15,121.12,43828.0,stock_zh_a_hist_tx
2024-03-18,123.37,46687.0,stock_zh_a_hist_tx
2024-03-19,125.31,62091.0,stock_zh_a_hist_tx
2024-03-20,121.9,107692.0,stock_zh_a_hist_tx
2024-03-21,120.93,61956.0,stock_zh_a_hist_tx
2024-03-22,118.76,43993.0,stock_zh_a_hist_tx
2024-03-25,115.99,47145.0,stock_zh_a_hist_tx
2024-03-26,115.31,44957.0,stock_zh_a_hist_tx
2024-03-27,113.48,30706.0,stock_zh_a_hist_tx
2024-03-28,114.2,32120.0,stock_zh_a_hist_tx
2024-03-29,113.0,33263.0,stock_zh_a_hist_tx
2024-04-01,116.57,44280.0,stock_zh_a_hist_tx
2024-04-02,116.01,29955.0,stock_zh_a_hist_tx
2024-04-03,115.71,24096.0,stock_zh_a_hist_tx
2024-04-08,112.2,36626.0,stock_zh_a_hist_tx
2024-04-09,113.93,27009.0,stock_zh_a_hist_tx
2024-04-10,110.89,35541.0,stock_zh_a_hist_tx
2024-04-11,110.51,26776.0,stock_zh_a_hist_tx
2024-04-12,110.82,35283.0,stock_zh_a_hist_tx
2024-04-15,113.73,47464.0,stock_zh_a_hist_tx
2024-04-16,113.69,57689.0,stock_zh_a_hist_tx
2024-04-17,113.99,62539.0,stock_zh_a_hist_tx
2024-04-18,113.23,51445.0,stock_zh_a_hist_tx
2024-04-19,115.16,52384.0,stock_zh_a_hist_tx
2024-04-22,107.68,106343.0,stock_zh_a_hist_tx
2024-04-23,108.18,49115.0,stock_zh_a_hist_tx
2024-04-24,106.88,40336.0,stock_zh_a_hist_tx
2024-04-25,106.67,38767.0,stock_zh_a_hist_tx
2024-04-26,108.7,60047.0,stock_zh_a_hist_tx
2024-04-29,111.71,65152.0,stock_zh_a_hist_tx
2024-04-30,110.34,45976.0,stock_zh_a_hist_tx
2024-05-06,115.53,85232.0,stock_zh_a_hist_tx
2024-05-07,115.89,46706.0,stock_zh_a_hist_tx
2024-05-08,114.45,41030.0,stock_zh_a_hist_tx
2024-05-09,116.5,49342.0,stock_zh_a_hist_tx
2024-05-10,115.27,34856.0,stock_zh_a_hist_tx
2024-05-13,114.33,32318.0,stock_zh_a_hist_tx
2024-05-14,114.75,28539.0,stock_zh_a_hist_tx
2024-05-15,112.22,36561.0,stock_zh_a_hist_tx
2024-05-16,111.74,28600.0,stock_zh_a_hist_tx
2024-05-17,112.6,29680.0,stock_zh_a_hist_tx
2024-05-20,114.14,39062.0,stock_zh_a_hist_tx
2024-05-21,112.78,21566.0,stock_zh_a_hist_tx
2024-05-22,112.69,23989.0,stock_zh_a_hist_tx
2024-05-23,110.26,35932.0,stock_zh_a_hist_tx
2024-05-24,109.47,24792.0,stock_zh_a_hist_tx
2024-05-27,109.48,30041.0,stock_zh_a_hist_tx
2024-05-28,108.02,34247.0,stock_zh_a_hist_tx
2024-05-29,108.5,20954.0,stock_zh_a_hist_tx
2024-05-30,101.77,125400.0,stock_zh_a_hist_tx
2024-05-31,102.09,69031.0,stock_zh_a_hist_tx
2024-06-03,102.55,55662.0,stock_zh_a_hist_tx
2024-06-04,104.36,46152.0,stock_zh_a_hist_tx
2024-06-05,103.59,30202.0,stock_zh_a_hist_tx
2024-06-06,101.69,35582.0,stock_zh_a_hist_tx
2024-06-07,100.97,34514.0,stock_zh_a_hist_tx
2024-06-11,101.67,36018.0,stock_zh_a_hist_tx
2024-06-12,102.44,34723.0,stock_zh_a_hist_tx
2024-06-13,101.03,36911.0,stock_zh_a_hist_tx
2024-06-14,98.09,70712.0,stock_zh_a_hist_tx
2024-06-17,99.66,47746.0,stock_zh_a_hist_tx
2024-06-18,99.25,29303.0,stock_zh_a_hist_tx
2024-06-19,98.69,23733.0,stock_zh_a_hist_tx
2024-06-20,95.48,54812.0,stock_zh_a_hist_tx
2024-06-21,95.29,36029.0,stock_zh_a_hist_tx
2024-06-24,92.33,50284.0,stock_zh_a_hist_tx
2024-06-25,90.55,52233.0,stock_zh_a_hist_tx
2024-06-26,92.96,49802.0,stock_zh_a_hist_tx
2024-06-27,90.37,45511.0,stock_zh_a_hist_tx
2024-06-28,89.05,59559.0,stock_zh_a_hist_tx
2024-07-01,90.57,42894.0,stock_zh_a_hist_tx
2024-07-02,89.84,25984.0,stock_zh_a_hist_tx
2024-07-03,89.98,27838.0,stock_zh_a_hist_tx
2024-07-04,87.03,59992.0,stock_zh_a_hist_tx
2024-07-05,87.82,47026.0,stock_zh_a_hist_tx
2024-07-08,85.8,39752.0,stock_zh_a_hist_tx
2024-07-09,87.48,42626.0,stock_zh_a_hist_tx
2024-07-10,88.8,47713.0,stock_zh_a_hist_tx
2024-07-11,91.23,53146.0,stock_zh_a_hist_tx
2024-07-12,90.05,34020.0,stock_zh_a_hist_tx
2024-07-15,88.72,30137.0,stock_zh_a_hist_tx
2024-07-16,90.46,35084.0,stock_zh_a_hist_tx
2024-07-17,92.24,53637.0,stock_zh_a_hist_tx
2024-07-18,92.16,38951.0,stock_zh_a_hist_tx
2024-07-19,92.17,35613.0,stock_zh_a_hist_tx
2024-07-22,91.94,31308.0,stock_zh_a_hist_tx
2024-07-23,88.32,46277.0,stock_zh_a_hist_tx
2024-07-24,87.28,30772.0,stock_zh_a_hist_tx
2024-07-25,88.14,29231.0,stock_zh_a_hist_tx
2024-07-26,88.31,24098.0,stock_zh_a_hist_tx
2024-07-29,86.91,27345.0,stock_zh_a_hist_tx
2024-07-30,87.46,27353.0,stock_zh_a_hist_tx
2024-07-31,92.09,68924.0,stock_zh_a_hist_tx
2024-08-01,89.74,51742.0,stock_zh_a_hist_tx
2024-08-02,89.88,42382.0,stock_zh_a_hist_tx
2024-08-05,90.39,63007.0,stock_zh_a_hist_tx
2024-08-06,91.71,47567.0,stock_zh_a_hist_tx
2024-08-07,91.08,28187.0,stock_zh_a_hist_tx
2024-08-08,90.68,29662.0,stock_zh_a_hist_tx
2024-08-09,89.0,35170.0,stock_zh_a_hist_tx
2024-08-12,89.72,33013.0,stock_zh_a_hist_tx
2024-08-13,88.38,40715.0,stock_zh_a_hist_tx
2024-08-14,86.83,28100.0,stock_zh_a_hist_tx
2024-08-15,86.67,36587.0,stock_zh_a_hist_tx
2024-08-16,83.43,98680.0,stock_zh_a_hist_tx
2024-08-19,81.47,67068.0,stock_zh_a_hist_tx
2024-08-20,80.09,57268.0,stock_zh_a_hist_tx
2024-08-21,78.52,48782.0,stock_zh_a_hist_tx
2024-08-22,76.92,57233.0,stock_zh_a_hist_tx
2024-08-23,76.87,35979.0,stock_zh_a_hist_tx
2024-08-26,77.91,38373.0,stock_zh_a_hist_tx
2024-08-27,77.64,31630.0,stock_zh_a_hist_tx
2024-08-28,76.93,30082.0,stock_zh_a_hist_tx
2024-08-29,78.38,39077.0,stock_zh_a_hist_tx
2024-08-30,79.6,60423.0,stock_zh_a_hist_tx
2024-09-02,76.68,48273.0,stock_zh_a_hist_tx
2024-09-03,77.11,33343.0,stock_zh_a_hist_tx
2024-09-04,77.36,30686.0,stock_zh_a_hist_tx
2024-09-05,77.78,26250.0,stock_zh_a_hist_tx
2024-09-06,76.67,22025.0,stock_zh_a_hist_tx
2024-09-09,76.34,28540.0,stock_zh_a_hist_tx
2024-09-10,76.18,31902.0,stock_zh_a_hist_tx
2024-09-11,76.32,27826.0,stock_zh_a_hist_tx
2024-09-12,78.12,70756.0,stock_zh_a_hist_tx
2024-09-13,77.12,28217.0,stock_zh_a_hist_tx
2024-09-18,76.25,22536.0,stock_zh_a_hist_tx
2024-09-19,77.94,46300.0,stock_zh_a_hist_tx
2024-09-20,77.33,35378.0,stock_zh_a_hist_tx
2024-09-23,77.13,28189.0,stock_zh_a_hist_tx
2024-09-24,80.53,83133.0,stock_zh_a_hist_tx
2024-09-25,81.89,85671.0,stock_zh_a_hist_tx
2024-09-26,88.1,112197.0,stock_zh_a_hist_tx
2024-09-27,97.18,168947.0,stock_zh_a_hist_tx
2024-09-30,107.17,151629.0,stock_zh_a_hist_tx
2024-10-08,118.16,236853.0,stock_zh_a_hist_tx
2024-10-09,114.51,228910.0,stock_zh_a_hist_tx
2024-10-10,109.28,167092.0,stock_zh_a_hist_tx
2024-10-11,101.29,131339.0,stock_zh_a_hist_tx
2024-10-14,101.3,125149.0,stock_zh_a_hist_tx
2024-10-15,97.74,78330.0,stock_zh_a_hist_tx
2024-10-16,96.32,71645.0,stock_zh_a_hist_tx
2024-10-17,95.37,61980.0,stock_zh_a_hist_tx
2024-10-18,99.97,119964.0,stock_zh_a_hist_tx
2024-10-21,100.8,106865.0,stock_zh_a_hist_tx
2024-10-22,101.58,74975.0,stock_zh_a_hist_tx
2024-10-23,101.8,86982.0,stock_zh_a_hist_tx
2024-10-24,100.09,71342.0,stock_zh_a_hist_tx
2024-10-25,101.04,93322.0,stock_zh_a_hist_tx
2024-10-28,108.87,166386.0,stock_zh_a_hist_tx
2024-10-29,105.13,129647.0,stock_zh_a_hist_tx
2024-10-30,102.24,88785.0,stock_zh_a_hist_tx
2024-10-31,101.66,72355.0,stock_zh_a_hist_tx
2024-11-01,101.32,71362.0,stock_zh_a_hist_tx
2024-11-04,103.39,62149.0,stock_zh_a_hist_tx
2024-11-05,105.66,85572.0,stock_zh_a_hist_tx
2024-11-06,105.5,98400.0,stock_zh_a_hist_tx
2024-11-07,112.37,130440.0,stock_zh_a_hist_tx
2024-11-08,110.36,104929.0,stock_zh_a_hist_tx
2024-11-11,111.65,88046.0,stock_zh_a_hist_tx
2024-11-12,114.81,160393.0,stock_zh_a_hist_tx
2024-11-13,113.02,79154.0,stock_zh_a_hist_tx
2024-11-14,109.26,70178.0,stock_zh_a_hist_tx
2024-11-15,107.59,58278.0,stock_zh_a_hist_tx
2024-11-18,110.27,103042.0,stock_zh_a_hist_tx
2024-11-19,109.83,75342.0,stock_zh_a_hist_tx
2024-11-20,111.08,74819.0,stock_zh_a_hist_tx
2024-11-21,110.29,42194.0,stock_zh_a_hist_tx
2024-11-22,106.88,66270.0,stock_zh_a_hist_tx
2024-11-25,105.72,49260.0,stock_zh_a_hist_tx
2024-11-26,103.88,39026.0,stock_zh_a_hist_tx
2024-11-27,105.21,40723.0,stock_zh_a_hist_tx
2024-11-28,102.87,44984.0,stock_zh_a_hist_tx
2024-11-29,104.5,45048.0,stock_zh_a_hist_tx
2024-12-02,106.51,55164.0,stock_zh_a_hist_tx
2024-12-03,106.73,43065.0,stock_zh_a_hist_tx
2024-12-04,105.18,34386.0,stock_zh_a_hist_tx
2024-12-05,103.45,39585.0,stock_zh_a_hist_tx
2024-12-06,105.53,41151.0,stock_zh_a_hist_tx
2024-12-09,104.43,39469.0,stock_zh_a_hist_tx
2024-12-10,105.58,61329.0,stock_zh_a_hist_tx
2024-12-11,104.68,42075.0,stock_zh_a_hist_tx
2024-12-12,105.15,44574.0,stock_zh_a_hist_tx
2024-12-13,101.88,64063.0,stock_zh_a_hist_tx
2024-12-16,100.96,44700.0,stock_zh_a_hist_tx
2024-12-17,99.97,28601.0,stock_zh_a_hist_tx
2024-12-18,99.83,29920.0,stock_zh_a_hist_tx
2024-12-19,99.26,35441.0,stock_zh_a_hist_tx
2024-12-20,98.28,43156.0,stock_zh_a_hist_tx
2024-12-23,97.03,42526.0,stock_zh_a_hist_tx
2024-12-24,97.87,29930.0,stock_zh_a_hist_tx
2024-12-25,97.94,27367.0,stock_zh_a_hist_tx
2024-12-26,97.48,22224.0,stock_zh_a_hist_tx
2024-12-27,98.59,38321.0,stock_zh_a_hist_tx
2024-12-30,99.09,36478.0,stock_zh_a_hist_tx
2024-12-31,96.72,38053.0,stock_zh_a_hist_tx
2025-01-02,94.47,46777.0,stock_zh_a_hist_tx
2025-01-03,92.39,42203.0,stock_zh_a_hist_tx
2025-01-06,93.42,36600.0,stock_zh_a_hist_tx
2025-01-07,92.72,32481.0,stock_zh_a_hist_tx
2025-01-08,91.71,31694.0,stock_zh_a_hist_tx
2025-01-09,91.0,21865.0,stock_zh_a_hist_tx
2025-01-10,89.21,29229.0,stock_zh_a_hist_tx
2025-01-13,89.98,22967.0,stock_zh_a_hist_tx
2025-01-14,91.97,38429.0,stock_zh_a_hist_tx
2025-01-15,91.37,21178.0,stock_zh_a_hist_tx
2025-01-16,90.69,28147.0,stock_zh_a_hist_tx
2025-01-17,90.73,23706.0,stock_zh_a_hist_tx
2025-01-20,91.97,38095.0,stock_zh_a_hist_tx
2025-01-21,90.98,25739.0,stock_zh_a_hist_tx
2025-01-22,90.21,20574.0,stock_zh_a_hist_tx
2025-01-23,90.34,23925.0,stock_zh_a_hist_tx
2025-01-24,90.4,23354.0,stock_zh_a_hist_tx
2025-01-27,90.25,27686.0,stock_zh_a_hist_tx
2025-02-05,90.46,24457.0,stock_zh_a_hist_tx
2025-02-06,92.46,39827.0,stock_zh_a_hist_tx
2025-02-07,93.79,50346.0,stock_zh_a_hist_tx
2025-02-10,94.18,37142.0,stock_zh_a_hist_tx
2025-02-11,92.96,33900.0,stock_zh_a_hist_tx
2025-02-12,93.27,34180.0,stock_zh_a_hist_tx
2025-02-13,93.89,45645.0,stock_zh_a_hist_tx
2025-02-14,94.84,44174.0,stock_zh_a_hist_tx
2025-02-17,94.03,51290.0,stock_zh_a_hist_tx
2025-02-18,92.42,39612.0,stock_zh_a_hist_tx
2025-02-19,93.05,35091.0,stock_zh_a_hist_tx
2025-02-20,95.09,63856.0,stock_zh_a_hist_tx
2025-02-21,95.13,58747.0,stock_zh_a_hist_tx
2025-02-24,95.86,57957.0,stock_zh_a_hist_tx
2025-02-25,94.23,41421.0,stock_zh_a_hist_tx
2025-02-26,95.06,49807.0,stock_zh_a_hist_tx
2025-02-27,95.28,52313.0,stock_zh_a_hist_tx
2025-02-28,92.26,62546.0,stock_zh_a_hist_tx
2025-03-03,92.87,42291.0,stock_zh_a_hist_tx
2025-03-04,94.08,43233.0,stock_zh_a_hist_tx
2025-03-05,93.28,28652.0,stock_zh_a_hist_tx
2025-03-06,94.21,40460.0,stock_zh_a_hist_tx
2025-03-07,93.33,34341.0,stock_zh_a_hist_tx
2025-03-10,93.72,31865.0,stock_zh_a_hist_tx
2025-03-11,96.42,89062.0,stock_zh_a_hist_tx
2025-03-12,95.12,41947.0,stock_zh_a_hist_tx
2025-03-13,94.58,31420.0,stock_zh_a_hist_tx
2025-03-14,100.25,121941.0,stock_zh_a_hist_tx
2025-03-17,100.16,83887.0,stock_zh_a_hist_tx
2025-03-18,102.51,101527.0,stock_zh_a_hist_tx
2025-03-19,100.81,52117.0,stock_zh_a_hist_tx
2025-03-20,98.93,44241.0,stock_zh_a_hist_tx
2025-03-21,98.55,48013.0,stock_zh_a_hist_tx
2025-03-24,97.01,45921.0,stock_zh_a_hist_tx
2025-03-25,97.38,30538.0,stock_zh_a_hist_tx
2025-03-26,96.24,39443.0,stock_zh_a_hist_tx
2025-03-27,96.31,42614.0,stock_zh_a_hist_tx
2025-03-28,97.11,59717.0,stock_zh_a_hist_tx
2025-03-31,95.08,53363.0,stock_zh_a_hist_tx
2025-04-01,99.34,103896.0,stock_zh_a_hist_tx
2025-04-02,98.78,34934.0,stock_zh_a_hist_tx
2025-04-03,99.2,42133.0,stock_zh_a_hist_tx
2025-04-07,92.08,104125.0,stock_zh_a_hist_tx
2025-04-08,93.98,80259.0,stock_zh_a_hist_tx
2025-04-09,94.44,73905.0,stock_zh_a_hist_tx
2025-04-10,96.37,69541.0,stock_zh_a_hist_tx
2025-04-11,95.3,38108.0,stock_zh_a_hist_tx
2025-04-14,95.7,46554.0,stock_zh_a_hist_tx
2025-04-15,93.43,59050.0,stock_zh_a_hist_tx
2025-04-16,91.58,61328.0,stock_zh_a_hist_tx
2025-04-17,90.58,44173.0,stock_zh_a_hist_tx
2025-04-18,89.23,55664.0,stock_zh_a_hist_tx
2025-04-21,84.38,168077.0,stock_zh_a_hist_tx
2025-04-22,82.56,78588.0,stock_zh_a_hist_tx
2025-04-23,83.06,50316.0,stock_zh_a_hist_tx
2025-04-24,82.52,44205.0,stock_zh_a_hist_tx
2025-04-25,86.58,129744.0,stock_zh_a_hist_tx
2025-04-28,86.74,53412.0,stock_zh_a_hist_tx
2025-04-29,84.8,50456.0,stock_zh_a_hist_tx
2025-04-30,85.18,36947.0,stock_zh_a_hist_tx
2025-05-06,90.98,111300.0,stock_zh_a_hist_tx
2025-05-07,90.85,59550.0,stock_zh_a_hist_tx
2025-05-08,90.04,33673.0,stock_zh_a_hist_tx
2025-05-09,93.08,91929.0,stock_zh_a_hist_tx
2025-05-12,91.79,51273.0,stock_zh_a_hist_tx
2025-05-13,95.41,110472.0,stock_zh_a_hist_tx
2025-05-14,94.94,37009.0,stock_zh_a_hist_tx
2025-05-15,94.94,58283.0,stock_zh_a_hist_tx
2025-05-16,97.07,81625.0,stock_zh_a_hist_tx
2025-05-19,101.27,106256.0,stock_zh_a_hist_tx
2025-05-20,102.23,102333.0,stock_zh_a_hist_tx
2025-05-21,102.17,66988.0,stock_zh_a_hist_tx
2025-05-22,100.65,49537.0,stock_zh_a_hist_tx
2025-05-23,99.67,44069.0,stock_zh_a_hist_tx
2025-05-26,98.78,44062.0,stock_zh_a_hist_tx
2025-05-27,102.28,60248.0,stock_zh_a_hist_tx
2025-05-28,100.49,30609.0,stock_zh_a_hist_tx
2025-05-29,101.85,41384.0,stock_zh_a_hist_tx
2025-05-30,101.84,37324.0,stock_zh_a_hist_tx
2025-06-03,100.63,38157.0,stock_zh_a_hist_tx
2025-06-04,105.17,80127.0,stock_zh_a_hist_tx
2025-06-05,102.33,44935.0,stock_zh_a_hist_tx
2025-06-06,100.27,46696.0,stock_zh_a_hist_tx
2025-06-09,103.1,53550.0,stock_zh_a_hist_tx
2025-06-10,104.96,65420.0,stock_zh_a_hist_tx
2025-06-11,102.16,48802.0,stock_zh_a_hist_tx
2025-06-12,109.62,122990.0,stock_zh_a_hist_tx
2025-06-13,107.88,89403.0,stock_zh_a_hist_tx
2025-06-16,106.03,69181.0,stock_zh_a_hist_tx
2025-06-17,101.28,100360.0,stock_zh_a_hist_tx
2025-06-18,100.38,61468.0,stock_zh_a_hist_tx
2025-06-19,97.29,55658.0,stock_zh_a_hist_tx
2025-06-20,96.28,41938.0,stock_zh_a_hist_tx
2025-06-23,96.0,50315.0,stock_zh_a_hist_tx
2025-06-24,96.76,56070.0,stock_zh_a_hist_tx
2025-06-25,96.19,75336.0,stock_zh_a_hist_tx
2025-06-26,94.73,69970.0,stock_zh_a_hist_tx
2025-06-27,95.9,60761.0,stock_zh_a_hist_tx
2025-06-30,96.46,37077.0,stock_zh_a_hist_tx
2025-07-01,97.28,48482.0,stock_zh_a_hist_tx
2025-07-02,96.09,43077.0,stock_zh_a_hist_tx
2025-07-03,105.97,162434.0,stock_zh_a_hist_tx
2025-07-04,106.11,153180.0,stock_zh_a_hist_tx
2025-07-07,100.14,121349.0,stock_zh_a_hist_tx
2025-07-08,101.08,79151.0,stock_zh_a_hist_tx
2025-07-09,101.35,78080.0,stock_zh_a_hist_tx
2025-07-10,101.24,54727.0,stock_zh_a_hist_tx
2025-07-11,101.84,60278.0,stock_zh_a_hist_tx
2025-07-14,100.51,54383.0,stock_zh_a_hist_tx
2025-07-15,99.26,69238.0,stock_zh_a_hist_tx
2025-07-16,99.27,41911.0,stock_zh_a_hist_tx
2025-07-17,102.44,93014.0,stock_zh_a_hist_tx
2025-07-18,101.64,55818.0,stock_zh_a_hist_tx
2025-07-21,102.22,65807.0,stock_zh_a_hist_tx
2025-07-22,102.86,68935.0,stock_zh_a_hist_tx
2025-07-23,101.66,83928.0,stock_zh_a_hist_tx
2025-07-24,104.82,111554.0,stock_zh_a_hist_tx
2025-07-25,103.59,64553.0,stock_zh_a_hist_tx
2025-07-28,104.02,49545.0,stock_zh_a_hist_tx
2025-07-29,105.73,114318.0,stock_zh_a_hist_tx
2025-07-30,108.65,144404.0,stock_zh_a_hist_tx
2025-07-31,105.36,91896.0,stock_zh_a_hist_tx
2025-08-01,105.53,77797.0,stock_zh_a_hist_tx
2025-08-04,104.62,74745.0,stock_zh_a_hist_tx
2025-08-05,105.01,49929.0,stock_zh_a_hist_tx
2025-08-06,103.64,47983.0,stock_zh_a_hist_tx
2025-08-07,104.3,42973.0,stock_zh_a_hist_tx
2025-08-08,104.79,54586.0,stock_zh_a_hist_tx
2025-08-11,104.28,58648.0,stock_zh_a_hist_tx
2025-08-12,103.9,52024.0,stock_zh_a_hist_tx
2025-08-13,103.35,67218.0,stock_zh_a_hist_tx
2025-08-14,101.84,58839.0,stock_zh_a_hist_tx
2025-08-15,101.97,53252.0,stock_zh_a_hist_tx
2025-08-18,102.83,60004.0,stock_zh_a_hist_tx
2025-08-19,102.98,51481.0,stock_zh_a_hist_tx
2025-08-20,102.64,52791.0,stock_zh_a_hist_tx
2025-08-21,103.33,54485.0,stock_zh_a_hist_tx
2025-08-22,103.17,55660.0,stock_zh_a_hist_tx
2025-08-25,104.56,86878.0,stock_zh_a_hist_tx
2025-08-26,104.49,75853.0,stock_zh_a_hist_tx
2025-08-27,102.15,81105.0,stock_zh_a_hist_tx
2025-08-28,101.53,86617.0,stock_zh_a_hist_tx
2025-08-29,102.9,73172.0,stock_zh_a_hist_tx
2025-09-01,113.21,211677.0,stock_zh_a_hist_tx
2025-09-02,124.55,220947.0,stock_zh_a_hist_tx
2025-09-03,122.93,329415.0,stock_zh_a_hist_tx
2025-09-04,118.88,193330.0,stock_zh_a_hist_tx
2025-09-05,127.84,270107.0,stock_zh_a_hist_tx
2025-09-08,127.33,145411.0,stock_zh_a_hist_tx
2025-09-09,124.17,125862.0,stock_zh_a_hist_tx
2025-09-10,121.79,85423.0,stock_zh_a_hist_tx
2025-09-11,124.2,142321.0,stock_zh_a_hist_tx
2025-09-12,125.54,94483.0,stock_zh_a_hist_tx
2025-09-15,126.65,121303.0,stock_zh_a_hist_tx
2025-09-16,123.69,78737.0,stock_zh_a_hist_tx
2025-09-17,123.72,70515.0,stock_zh_a_hist_tx
2025-09-18,130.15,233828.0,stock_zh_a_hist_tx
2025-09-19,125.06,131535.0,stock_zh_a_hist_tx
2025-09-22,121.94,102779.0,stock_zh_a_hist_tx
2025-09-23,118.44,104753.0,stock_zh_a_hist_tx
2025-09-24,120.34,76495.0,stock_zh_a_hist_tx
2025-09-25,122.4,93121.0,stock_zh_a_hist_tx
2025-09-26,126.73,179044.0,stock_zh_a_hist_tx
2025-09-29,128.74,101748.0,stock_zh_a_hist_tx
2025-09-30,129.84,76381.0,stock_zh_a_hist_tx
2025-10-09,129.09,86203.0,stock_zh_a_hist_tx
2025-10-10,136.14,178846.0,stock_zh_a_hist_tx
2025-10-13,131.9,103046.0,stock_zh_a_hist_tx
2025-10-14,124.35,119163.0,stock_zh_a_hist_tx
2025-10-15,127.0,61117.0,stock_zh_a_hist_tx
2025-10-16,124.9,56872.0,stock_zh_a_hist_tx
2025-10-17,121.11,61420.0,stock_zh_a_hist_tx
2025-10-20,120.96,38853.0,stock_zh_a_hist_tx
2025-10-21,120.12,58889.0,stock_zh_a_hist_tx
2025-10-22,118.95,40769.0,stock_zh_a_hist_tx
2025-10-23,117.49,55732.0,stock_zh_a_hist_tx
2025-10-24,117.68,50929.0,stock_zh_a_hist_tx
2025-10-27,115.98,108021.0,stock_zh_a_hist_tx
2025-10-28,116.34,58239.0,stock_zh_a_hist_tx
2025-10-29,117.39,70856.0,stock_zh_a_hist_tx
2025-10-30,115.04,67834.0,stock_zh_a_hist_tx
2025-10-31,112.1,110177.0,stock_zh_a_hist_tx
2025-11-03,108.06,121245.0,stock_zh_a_hist_tx
2025-11-04,106.59,70240.0,stock_zh_a_hist_tx
2025-11-05,105.21,73089.0,stock_zh_a_hist_tx
2025-11-06,105.87,61257.0,stock_zh_a_hist_tx
2025-11-07,104.34,68489.0,stock_zh_a_hist_tx
2025-11-10,104.9,117510.0,stock_zh_a_hist_tx
2025-11-11,103.49,76223.0,stock_zh_a_hist_tx
2025-11-12,103.28,87345.0,stock_zh_a_hist_tx
2025-11-13,104.3,77649.0,stock_zh_a_hist_tx
2025-11-14,104.39,108073.0,stock_zh_a_hist_tx
2025-11-17,102.0,91073.0,stock_zh_a_hist_tx
2025-11-18,102.44,44878.0,stock_zh_a_hist_tx
2025-11-19,102.16,43170.0,stock_zh_a_hist_tx
2025-11-20,101.53,38594.0,stock_zh_a_hist_tx
2025-11-21,98.75,67312.0,stock_zh_a_hist_tx
2025-11-24,99.2,37198.0,stock_zh_a_hist_tx
2025-11-25,99.3,53127.0,stock_zh_a_hist_tx
2025-11-26,99.4,48930.0,stock_zh_a_hist_tx
2025-11-27,99.5,39347.0,stock_zh_a_hist_tx
2025-11-28,99.1,38139.0,stock_zh_a_hist_tx
2025-12-01,99.93,41800.0,stock_zh_a_hist_tx
2025-12-02,98.82,44484.0,stock_zh_a_hist_tx
2025-12-03,100.11,48943.0,stock_zh_a_hist_tx
2025-12-04,99.23,28539.0,stock_zh_a_hist_tx
2025-12-05,99.57,58309.0,stock_zh_a_hist_tx
2025-12-08,99.04,54671.0,stock_zh_a_hist_tx
2025-12-09,96.03,75079.0,stock_zh_a_hist_tx
2025-12-10,95.29,66648.0,stock_zh_a_hist_tx
2025-12-11,93.85,50348.0,stock_zh_a_hist_tx
2025-12-12,93.49,57267.0,stock_zh_a_hist_tx
2025-12-15,91.9,61439.0,stock_zh_a_hist_tx
2025-12-16,95.37,162025.0,stock_zh_a_hist_tx
2025-12-17,95.15,78058.0,stock_zh_a_hist_tx
2025-12-18,95.2,50546.0,stock_zh_a_hist_tx
2025-12-19,95.82,44920.0,stock_zh_a_hist_tx
2025-12-22,95.03,49360.0,stock_zh_a_hist_tx
2025-12-23,93.53,53964.0,stock_zh_a_hist_tx
2025-12-24,93.93,38369.0,stock_zh_a_hist_tx
2025-12-25,94.41,38043.0,stock_zh_a_hist_tx
2025-12-26,94.21,37012.0,stock_zh_a_hist_tx
2025-12-29,93.07,53224.0,stock_zh_a_hist_tx
2025-12-30,92.58,35026.0,stock_zh_a_hist_tx
2025-12-31,92.39,31137.0,stock_zh_a_hist_tx
2026-01-05,94.64,84000.0,stock_zh_a_hist_tx
2026-01-06,95.78,77082.0,stock_zh_a_hist_tx
2026-01-07,95.11,70037.0,stock_zh_a_hist_tx
2026-01-08,96.5,82459.0,stock_zh_a_hist_tx
2026-01-09,97.74,81419.0,stock_zh_a_hist_tx
2026-01-12,103.41,169426.0,stock_zh_a_hist_tx
2026-01-13,103.34,159742.0,stock_zh_a_hist_tx
2026-01-14,101.56,136845.0,stock_zh_a_hist_tx
2026-01-15,99.94,85056.0,stock_zh_a_hist_tx
2026-01-16,99.24,86206.0,stock_zh_a_hist_tx
2026-01-19,98.94,68117.0,stock_zh_a_hist_tx
2026-01-20,98.11,60809.0,stock_zh_a_hist_tx
2026-01-21,97.53,57754.0,stock_zh_a_hist_tx
2026-01-22,97.34,51324.0,stock_zh_a_hist_tx
2026-01-23,98.64,65410.0,stock_zh_a_hist_tx
2026-01-26,101.6,112598.0,stock_zh_a_hist_tx
2026-01-27,99.34,78550.0,stock_zh_a_hist_tx
2026-01-28,97.24,79938.0,stock_zh_a_hist_tx
2026-01-29,98.14,64653.0,stock_zh_a_hist_tx
2026-01-30,95.74,60289.0,stock_zh_a_hist_tx
2026-02-02,89.85,109000.0,stock_zh_a_hist_tx
2026-02-03,90.47,39466.0,stock_zh_a_hist_tx
2026-02-04,91.25,47722.0,stock_zh_a_hist_tx
2026-02-05,90.99,35896.0,stock_zh_a_hist_tx
2026-02-06,90.11,39499.0,stock_zh_a_hist_tx
2026-02-09,90.21,37585.0,stock_zh_a_hist_tx
2026-02-10,89.12,63678.0,stock_zh_a_hist_tx
2026-02-11,87.93,65362.0,stock_zh_a_hist_tx
2026-02-12,87.44,42245.0,stock_zh_a_hist_tx
2026-02-13,87.22,35822.0,stock_zh_a_hist_tx
2026-02-24,88.26,30959.0,stock_zh_a_hist_tx
2026-02-25,97.1,167926.0,stock_zh_a_hist_tx
2026-02-26,98.34,331913.0,stock_zh_a_hist_tx
2026-02-27,95.61,170228.0,stock_zh_a_hist_tx
2026-03-02,91.77,138439.0,stock_zh_a_hist_tx
2026-03-03,89.77,93560.0,stock_zh_a_hist_tx
2026-03-04,88.84,67017.0,stock_zh_a_hist_tx
2026-03-05,89.06,53527.0,stock_zh_a_hist_tx
2026-03-06,90.77,59615.0,stock_zh_a_hist_tx
2026-03-09,90.1,50128.0,stock_zh_a_hist_tx
2026-03-10,91.05,46529.0,stock_zh_a_hist_tx
2026-03-11,91.14,47667.0,stock_zh_a_hist_tx
2026-03-12,90.02,43533.0,stock_zh_a_hist_tx
2026-03-13,89.84,33221.0,stock_zh_a_hist_tx
2026-03-16,91.08,42999.0,stock_zh_a_hist_tx
2026-03-17,90.47,42959.0,stock_zh_a_hist_tx
2026-03-18,90.11,32736.0,stock_zh_a_hist_tx
2026-03-19,88.81,38777.0,stock_zh_a_hist_tx
2026-03-20,87.7,38576.0,stock_zh_a_hist_tx
2026-03-23,83.6,69997.0,stock_zh_a_hist_tx
2026-03-24,84.69,31090.0,stock_zh_a_hist_tx
2026-03-25,85.65,29394.0,stock_zh_a_hist_tx
2026-03-26,84.54,28962.0,stock_zh_a_hist_tx
2026-03-27,86.36,40762.0,stock_zh_a_hist_tx
2026-03-30,86.28,32021.0,stock_zh_a_hist_tx
2026-03-31,85.71,37140.0,stock_zh_a_hist_tx
2026-04-01,88.02,59400.0,stock_zh_a_hist_tx
2026-04-02,86.69,47591.0,stock_zh_a_hist_tx
2026-04-03,84.52,37134.0,stock_zh_a_hist_tx
2026-04-07,84.71,23993.0,stock_zh_a_hist_tx
2026-04-08,86.64,48467.0,stock_zh_a_hist_tx
2026-04-09,84.98,41260.0,stock_zh_a_hist_tx
2026-04-10,85.84,44979.0,stock_zh_a_hist_tx
2026-04-13,85.19,29111.0,stock_zh_a_hist_tx
2026-04-14,86.23,42028.0,stock_zh_a_hist_tx
2026-04-15,86.61,49004.0,stock_zh_a_hist_tx
2026-04-16,87.14,44325.0,stock_zh_a_hist_tx
2026-04-17,86.46,40503.0,stock_zh_a_hist_tx
2026-04-20,86.83,39451.0,stock_zh_a_hist_tx
2026-04-21,88.14,59025.0,stock_zh_a_hist_tx
2026-04-22,86.9,67594.0,stock_zh_a_hist_tx
2026-04-23,85.46,50051.0,stock_zh_a_hist_tx
2026-04-24,85.23,33764.0,stock_zh_a_hist_tx
2026-04-27,84.95,30622.0,stock_zh_a_hist_tx
2026-04-28,85.44,33197.0,stock_zh_a_hist_tx
2026-04-29,85.3,32166.0,stock_zh_a_hist_tx
2026-04-30,84.77,33876.0,stock_zh_a_hist_tx
2026-05-06,85.23,31846.0,stock_zh_a_hist_tx
2026-05-07,87.27,72358.0,stock_zh_a_hist_tx
2026-05-08,86.43,46714.0,stock_zh_a_hist_tx
2026-05-11,89.84,119054.0,stock_zh_a_hist_tx
2026-05-12,88.69,77392.0,stock_zh_a_hist_tx
2026-05-13,86.99,64274.0,stock_zh_a_hist_tx
2026-05-14,85.13,58464.0,stock_zh_a_hist_tx
2026-05-15,83.99,49278.0,stock_zh_a_hist_tx
2026-05-18,82.46,47289.0,stock_zh_a_hist_tx
2026-05-19,83.22,29463.0,stock_zh_a_hist_tx
2026-05-20,80.91,52596.0,stock_zh_a_hist_tx
2026-05-21,80.44,39982.0,stock_zh_a_hist_tx
2026-05-22,78.84,47176.0,stock_zh_a_hist_tx
2026-05-25,79.76,49376.0,stock_zh_a_hist_tx
2026-05-26,77.76,46580.0,stock_zh_a_hist_tx
2026-05-27,75.81,83161.0,stock_zh_a_hist_tx
2026-05-28,73.0,65424.0,stock_zh_a_hist_tx
2026-05-29,73.57,87710.0,stock_zh_a_hist_tx
2026-06-01,73.15,54621.0,stock_zh_a_hist_tx
2026-06-02,71.66,62077.0,stock_zh_a_hist_tx
2026-06-03,69.65,87675.0,stock_zh_a_hist_tx
2026-06-04,68.1,65121.0,stock_zh_a_hist_tx
2026-06-05,68.43,53709.0,stock_zh_a_hist_tx
2026-06-08,66.13,67191.0,stock_zh_a_hist_tx
2026-06-09,66.21,48723.0,stock_zh_a_hist_tx
2026-06-10,66.16,67713.0,stock_zh_a_hist_tx
2026-06-11,64.32,73190.0,stock_zh_a_hist_tx
